-- MySQL dump 10.13  Distrib 8.0.33, for Win64 (x86_64)
--
-- Host: 127.0.0.1    Database: delivery_db
-- ------------------------------------------------------
-- Server version	8.0.33

/*!40101 SET @OLD_CHARACTER_SET_CLIENT=@@CHARACTER_SET_CLIENT */;
/*!40101 SET @OLD_CHARACTER_SET_RESULTS=@@CHARACTER_SET_RESULTS */;
/*!40101 SET @OLD_COLLATION_CONNECTION=@@COLLATION_CONNECTION */;
/*!50503 SET NAMES utf8 */;
/*!40103 SET @OLD_TIME_ZONE=@@TIME_ZONE */;
/*!40103 SET TIME_ZONE='+00:00' */;
/*!40014 SET @OLD_UNIQUE_CHECKS=@@UNIQUE_CHECKS, UNIQUE_CHECKS=0 */;
/*!40014 SET @OLD_FOREIGN_KEY_CHECKS=@@FOREIGN_KEY_CHECKS, FOREIGN_KEY_CHECKS=0 */;
/*!40101 SET @OLD_SQL_MODE=@@SQL_MODE, SQL_MODE='NO_AUTO_VALUE_ON_ZERO' */;
/*!40111 SET @OLD_SQL_NOTES=@@SQL_NOTES, SQL_NOTES=0 */;

--
-- Current Database: `delivery_db`
--

CREATE DATABASE /*!32312 IF NOT EXISTS*/ `delivery_db` /*!40100 DEFAULT CHARACTER SET utf8mb4 COLLATE utf8mb4_0900_ai_ci */ /*!80016 DEFAULT ENCRYPTION='N' */;

USE `delivery_db`;

--
-- Table structure for table `assignment`
--

DROP TABLE IF EXISTS `assignment`;
/*!40101 SET @saved_cs_client     = @@character_set_client */;
/*!50503 SET character_set_client = utf8mb4 */;
CREATE TABLE `assignment` (
  `id` varchar(255) NOT NULL,
  `courier_id` varchar(255) DEFAULT NULL,
  `created_at` datetime(6) DEFAULT NULL,
  `status` enum('QUEUED','IN_ROUTE','CONFIRMED','DELIVERED','CANCELLED','FAILED') NOT NULL,
  `updated_at` datetime(6) DEFAULT NULL,
  `deliver_from` datetime(6) DEFAULT NULL,
  `deliver_to` datetime(6) DEFAULT NULL,
  `order_no` bigint NOT NULL,
  PRIMARY KEY (`id`)
) ENGINE=InnoDB DEFAULT CHARSET=utf8mb4 COLLATE=utf8mb4_0900_ai_ci;
/*!40101 SET character_set_client = @saved_cs_client */;

--
-- Dumping data for table `assignment`
--

LOCK TABLES `assignment` WRITE;
/*!40000 ALTER TABLE `assignment` DISABLE KEYS */;
INSERT INTO `assignment` VALUES ('028041e1-6c4b-4dd3-b6fd-064370fec62e','cour-5','2025-09-03 17:04:21.610678','DELIVERED','2025-09-04 21:36:18.605039','2025-09-03 20:04:21.376529','2025-09-03 21:04:21.384506',6),('0af40b39-faa3-4e9d-92dc-3adc00f7a5f2','cour-5','2025-09-04 20:06:02.722536','IN_ROUTE','2025-09-04 21:37:08.196518','2025-09-04 23:06:02.721993','2025-09-05 00:06:02.721993',98),('0c1caf3f-d51d-4733-9a02-ec26d50359b1','cour-5','2025-09-04 20:48:03.329748','IN_ROUTE','2025-09-04 21:37:15.471712','2025-09-04 23:48:03.328749','2025-09-05 00:48:03.328749',114),('0fdec16b-eb1b-45c0-a74a-2db13ff9bf68','cour-5','2025-09-04 23:28:28.965959','FAILED','2025-09-04 23:30:54.781384','2025-09-05 02:28:28.965141','2025-09-05 03:28:28.965141',122),('10ab8e6b-1854-4449-86b5-05e4a2867fea','cour-5','2025-09-04 23:27:40.149792','QUEUED','2025-09-04 23:27:40.149792','2025-09-05 02:27:40.149186','2025-09-05 03:27:40.149186',121),('1c8753e7-5d2e-4d2a-a90b-12e84d39727b','cour-5','2025-09-04 08:52:42.107303','DELIVERED','2025-09-04 14:20:29.832544','2025-09-04 11:52:42.101362','2025-09-04 12:52:42.101362',74),('229c0c6a-3f4e-475b-b1c6-ba71ecdb6d81','cour-5','2025-09-04 07:48:37.226898','DELIVERED','2025-09-04 08:50:56.713353','2025-09-04 10:48:37.183900','2025-09-04 11:48:37.183900',70),('2973906e-3972-4255-b87f-4f1b51e39683','cour-5','2025-09-04 19:27:12.699452','QUEUED','2025-09-04 19:27:12.699452','2025-09-04 22:27:12.699452','2025-09-04 23:27:12.699452',91),('2c5e3ee6-0cd1-4e33-bc64-db57c3c561f3','cour-5','2025-09-04 19:12:35.332478','QUEUED','2025-09-04 19:12:35.332478','2025-09-04 22:12:35.318453','2025-09-04 23:12:35.319862',88),('3b2e67ce-af4a-4aea-937e-d454ed1918d8','cour-5','2025-09-04 09:31:23.145410','DELIVERED','2025-09-04 14:22:00.845220','2025-09-04 12:31:23.115983','2025-09-04 13:31:23.116809',76),('50116c5d-05d5-43c5-a982-afd9000e6dc6','cour-5','2025-09-04 19:25:50.943259','QUEUED','2025-09-04 19:25:50.943259','2025-09-04 22:25:50.886835','2025-09-04 23:25:50.889492',90),('67f406a8-2dda-4780-85af-0a04c7e0d6d3','cour-5','2025-09-04 18:46:52.334753','QUEUED','2025-09-04 18:46:52.334753','2025-09-04 21:46:52.228937','2025-09-04 22:46:52.231936',85),('79b8fc45-a1fc-4973-b987-acc2ba0b40e1','cour-5','2025-09-04 08:30:08.393572','DELIVERED','2025-09-04 14:35:18.575260','2025-09-04 11:30:08.386500','2025-09-04 12:30:08.387503',72),('7ce0c2d4-0de4-42e0-890f-fc3fb3777eda','cour-5','2025-09-04 20:48:03.299649','QUEUED','2025-09-04 20:48:03.299649','2025-09-04 23:48:03.294069','2025-09-05 00:48:03.294069',113),('7ec203e3-aede-442e-ab73-16047eb1dd8f','cour-5','2025-09-04 20:09:27.526034','QUEUED','2025-09-04 20:09:27.526034','2025-09-04 23:09:27.520733','2025-09-05 00:09:27.520733',101),('828ba09c-10db-4d22-914c-9b629118f8db','cour-5','2025-09-04 07:08:10.422293','QUEUED','2025-09-04 07:08:10.422293','2025-09-04 10:08:10.421770','2025-09-04 11:08:10.421770',64),('9111d10b-3cb4-47d3-89ea-341ffe4bdb13','cour-5','2025-09-04 19:41:21.650818','QUEUED','2025-09-04 19:41:21.650818','2025-09-04 22:41:21.634933','2025-09-04 23:41:21.634933',92),('94c6ba82-3723-45d5-905f-6f41a69a0f5a','cour-5','2025-09-04 20:48:03.346934','QUEUED','2025-09-04 20:48:03.346934','2025-09-04 23:48:03.346934','2025-09-05 00:48:03.346934',115),('99524b14-a325-4528-abd2-b22e87418934','cour-5','2025-09-04 23:26:16.494447','QUEUED','2025-09-04 23:26:16.494447','2025-09-05 02:26:16.493471','2025-09-05 03:26:16.493471',119),('a5f92684-45de-4f68-ad76-39bdf5697fdb','cour-5','2025-09-04 19:05:35.499911','QUEUED','2025-09-04 19:05:35.499911','2025-09-04 22:05:35.450532','2025-09-04 23:05:35.452049',87),('a6de4b15-7212-48ff-8ea0-1c73b523cb12','cour-5','2025-09-04 20:48:03.123912','QUEUED','2025-09-04 20:48:03.123912','2025-09-04 23:48:03.090143','2025-09-05 00:48:03.091626',108),('a71b75a1-a379-4d31-aab7-b5035f150987','cour-5','2025-09-04 15:54:42.512274','IN_ROUTE','2025-09-04 15:56:55.880154','2025-09-04 18:54:42.506653','2025-09-04 19:54:42.507742',80),('a9b0f0d5-979b-4b58-a172-41a7ada40467','cour-5','2025-09-04 07:21:37.237589','QUEUED','2025-09-04 07:21:37.237589','2025-09-04 10:21:37.230760','2025-09-04 11:21:37.231304',66),('ac8edbd1-d258-4da4-aecf-ef74e81278cb','cour-5','2025-09-04 23:25:42.306834','QUEUED','2025-09-04 23:25:42.306834','2025-09-05 02:25:42.109889','2025-09-05 03:25:42.113274',118),('ad3c28ca-41a3-46c5-9b56-2d219659beb3','cour-5','2025-09-04 20:03:19.447376','QUEUED','2025-09-04 20:03:19.447376','2025-09-04 23:03:19.441021','2025-09-05 00:03:19.441021',94),('b1503cd9-5fee-4647-ada6-69eafdcc58f7','cour-5','2025-09-04 20:05:47.399701','QUEUED','2025-09-04 20:05:47.399701','2025-09-04 23:05:47.383548','2025-09-05 00:05:47.383548',97),('b7c8dfab-5df5-4c2a-b6e9-c1720f6e09b4','cour-5','2025-09-04 07:26:44.267700','QUEUED','2025-09-04 07:26:44.267700','2025-09-04 10:26:44.221046','2025-09-04 11:26:44.221361',68),('bff64767-b273-49a6-84a5-fe5bf09a4c43','cour-5','2025-09-04 21:37:45.164981','QUEUED','2025-09-04 21:37:45.164981','2025-09-05 00:37:45.154293','2025-09-05 01:37:45.155805',116),('c43eb54e-a662-4698-9302-ff4f5396f92f','cour-5','2025-09-04 06:36:12.170195','FAILED','2025-09-04 16:58:22.069455','2025-09-04 09:36:12.144882','2025-09-04 10:36:12.144882',58),('c6ac4ba5-d78b-4b3e-887d-2154e81343ba','cour-5','2025-09-04 20:10:33.659707','QUEUED','2025-09-04 20:10:33.659707','2025-09-04 23:10:33.659707','2025-09-05 00:10:33.659707',102),('d4a184e4-13d1-4c92-b949-0e42f17c8374','cour-5','2025-09-04 00:35:06.919054','CONFIRMED','2025-09-04 01:02:35.830166','2025-09-04 03:35:06.886331','2025-09-04 04:35:06.886331',52),('d6087a69-e5fc-4b73-8b79-801888668fe6','cour-5','2025-09-04 06:38:41.655689','CANCELLED','2025-09-04 08:36:41.279377','2025-09-04 09:38:41.596546','2025-09-04 10:38:41.596546',60),('e2ca9269-9080-4cb3-b26a-ddddf0d3e6fa','cour-5','2025-09-04 18:54:19.267416','QUEUED','2025-09-04 18:54:19.267416','2025-09-04 21:54:19.207246','2025-09-04 22:54:19.208299',86),('ead6a2d9-2913-40ad-a992-3c0d987abcc4','cour-5','2025-09-04 18:30:52.609919','QUEUED','2025-09-04 18:30:52.609919','2025-09-04 21:30:52.601714','2025-09-04 22:30:52.601866',83),('f969a952-5384-4e75-9e79-bf764556c526','cour-5','2025-09-04 18:28:10.528909','QUEUED','2025-09-04 18:28:10.528909','2025-09-04 21:28:10.511308','2025-09-04 22:28:10.511308',82),('feef8693-56ab-4adf-9904-2cea7f0f6c13','cour-5','2025-09-04 06:41:55.470272','DELIVERED','2025-09-04 16:21:08.523034','2025-09-04 09:41:55.462063','2025-09-04 10:41:55.462063',61);
/*!40000 ALTER TABLE `assignment` ENABLE KEYS */;
UNLOCK TABLES;

--
-- Table structure for table `assignment_details`
--

DROP TABLE IF EXISTS `assignment_details`;
/*!40101 SET @saved_cs_client     = @@character_set_client */;
/*!50503 SET character_set_client = utf8mb4 */;
CREATE TABLE `assignment_details` (
  `id` varchar(255) NOT NULL,
  `address` varchar(255) NOT NULL,
  `user_id` varchar(255) NOT NULL,
  `assignment_id` varchar(255) NOT NULL,
  PRIMARY KEY (`id`),
  UNIQUE KEY `UK6efuw4wwsc6vir0iqx3c83ui` (`assignment_id`),
  CONSTRAINT `FKfcdla3wfj98w2g0ofil5bwoyp` FOREIGN KEY (`assignment_id`) REFERENCES `assignment` (`id`)
) ENGINE=InnoDB DEFAULT CHARSET=utf8mb4 COLLATE=utf8mb4_0900_ai_ci;
/*!40101 SET character_set_client = @saved_cs_client */;

--
-- Dumping data for table `assignment_details`
--

LOCK TABLES `assignment_details` WRITE;
/*!40000 ALTER TABLE `assignment_details` DISABLE KEYS */;
INSERT INTO `assignment_details` VALUES ('086bce2f-5d03-4a30-9e61-78d327ca8b01','22222 st. 11','user1','e2ca9269-9080-4cb3-b26a-ddddf0d3e6fa'),('0d5feb0d-73f3-42d5-83db-2ab845ba8e32','Telavi New boulevard 11','Dasha','3b2e67ce-af4a-4aea-937e-d454ed1918d8'),('10335701-3336-443a-bbb9-89eaceb6797b','22222 st. 11','user1','a5f92684-45de-4f68-ad76-39bdf5697fdb'),('161a86e5-3ed8-4d2d-9e42-e7375101e988','ss','Dasha','7ec203e3-aede-442e-ab73-16047eb1dd8f'),('180dc4c3-4260-4e4f-a974-6fb6c77038b6','yyyyuu','Dasha','2973906e-3972-4255-b87f-4f1b51e39683'),('19c4e505-6e96-4869-ab87-d0b373ab347e','Tiflis','Dasha','1c8753e7-5d2e-4d2a-a90b-12e84d39727b'),('1b999149-fd4c-46b8-8103-43ca1a6a11ed','ndjfhdjkfhkdjf st. 11','user1','94c6ba82-3723-45d5-905f-6f41a69a0f5a'),('1f7b422a-995c-4ffb-893b-8ff8e6199824','222333322 st. 11','user1','50116c5d-05d5-43c5-a982-afd9000e6dc6'),('28672ab7-3a84-4f34-b8ed-11d72eeb7a35','111111 st. 11','user1','67f406a8-2dda-4780-85af-0a04c7e0d6d3'),('29185aa5-a233-411a-854e-f3840e19f6e6','222333322 st. 11','user1','2c5e3ee6-0cd1-4e33-bc64-db57c3c561f3'),('34258d94-329e-47df-b4d6-5d74a54401e6','wwww','Dasha','c6ac4ba5-d78b-4b3e-887d-2154e81343ba'),('3e079773-d16a-4232-9bad-d7ff3a3d44ae','Some address','user1','d6087a69-e5fc-4b73-8b79-801888668fe6'),('4770cdcf-c225-4315-a3de-0c639707ee21','ndjfhdjkfhkdjf st. 11','user1','10ab8e6b-1854-4449-86b5-05e4a2867fea'),('508743f4-1ec8-4dda-a00c-1753fef6124c','ss','Dasha','79b8fc45-a1fc-4973-b987-acc2ba0b40e1'),('5463cdb0-cb3c-4c3d-b719-2bda6350c96b','Tbilisi New boulevard 11','Dasha','229c0c6a-3f4e-475b-b1c6-ba71ecdb6d81'),('5b168094-d922-4884-961b-8e5c816b7bf8','ndjfhdjkfhkdjf st. 11','user1','0c1caf3f-d51d-4733-9a02-ec26d50359b1'),('5bfe5e80-1a38-4265-8bd4-9c9747cb7a99','ndjfhdjkfhkdjf st. 11','user1','0fdec16b-eb1b-45c0-a74a-2db13ff9bf68'),('6499216f-f536-403e-a90f-f5bcae9b8e71','ndjfhdjkfhkdjf st. 11','user1','99524b14-a325-4528-abd2-b22e87418934'),('79ffabd3-6b10-4023-aba5-d81a5c41aadb','fy','Dasha','a6de4b15-7212-48ff-8ea0-1c73b523cb12'),('7cdee62c-827f-438a-a94c-6aa360ce053c','ndjfhdjkfhkdjf st. 11','user1','ac8edbd1-d258-4da4-aecf-ef74e81278cb'),('7ef5de8f-d571-4097-a27f-9d2f912ffe59','s','Dasha','ad3c28ca-41a3-46c5-9b56-2d219659beb3'),('83fe0b24-ecdb-46db-bea7-b39d9ab0d739','Batumi New boulevard 11','Dasha','b7c8dfab-5df5-4c2a-b6e9-c1720f6e09b4'),('866cccde-f827-47db-ad6f-1d541a881ddd','Some address','user1','c43eb54e-a662-4698-9302-ff4f5396f92f'),('94bdd981-0992-42cb-ade0-693541005a2c','111111111 st. 11','user1','7ce0c2d4-0de4-42e0-890f-fc3fb3777eda'),('97b9cef9-3d59-4c60-b936-f9c99ce6f456','s','Dasha','0af40b39-faa3-4e9d-92dc-3adc00f7a5f2'),('b2603f44-e3a7-424d-9ce6-4aa163e47672','telavi','Dasha','a71b75a1-a379-4d31-aab7-b5035f150987'),('b670464d-e722-48e5-925c-fd9a744ee357','s','Dasha','b1503cd9-5fee-4647-ada6-69eafdcc58f7'),('bc8e0516-8562-4e29-9a88-30fa8ba5885b','tbi','Dasha','bff64767-b273-49a6-84a5-fe5bf09a4c43'),('d2d158ec-b28d-415d-af4d-5fa005924cf4','wedfgh','Dasha','9111d10b-3cb4-47d3-89ea-341ffe4bdb13'),('dedfa325-1c53-4d30-ab92-0d4d995c92af','Tijhkjhkjh st. 11','user1','ead6a2d9-2913-40ad-a992-3c0d987abcc4'),('eb88865d-04e6-4c0b-947b-f3210a19b379','New address','user1','feef8693-56ab-4adf-9904-2cea7f0f6c13'),('ef9c43ee-c85b-40ec-97c4-e55aba4bb289','iiii','Dasha','f969a952-5384-4e75-9e79-bf764556c526'),('f893737d-e1b0-4e10-b2e5-43e58e35013c','Batumi New address 11','Dasha','a9b0f0d5-979b-4b58-a172-41a7ada40467'),('feb23e2e-6072-4a02-bc6e-28aaf819357f','oo','Dasha','828ba09c-10db-4d22-914c-9b629118f8db');
/*!40000 ALTER TABLE `assignment_details` ENABLE KEYS */;
UNLOCK TABLES;

--
-- Table structure for table `assignment_item`
--

DROP TABLE IF EXISTS `assignment_item`;
/*!40101 SET @saved_cs_client     = @@character_set_client */;
/*!50503 SET character_set_client = utf8mb4 */;
CREATE TABLE `assignment_item` (
  `id` varchar(255) NOT NULL,
  `quantity` int NOT NULL,
  `size` varchar(255) DEFAULT NULL,
  `assignment_details_id` varchar(255) DEFAULT NULL,
  PRIMARY KEY (`id`),
  KEY `FKg134q0mr7riycutkq09ibpe4j` (`assignment_details_id`),
  CONSTRAINT `FKg134q0mr7riycutkq09ibpe4j` FOREIGN KEY (`assignment_details_id`) REFERENCES `assignment_details` (`id`)
) ENGINE=InnoDB DEFAULT CHARSET=utf8mb4 COLLATE=utf8mb4_0900_ai_ci;
/*!40101 SET character_set_client = @saved_cs_client */;

--
-- Dumping data for table `assignment_item`
--

LOCK TABLES `assignment_item` WRITE;
/*!40000 ALTER TABLE `assignment_item` DISABLE KEYS */;
INSERT INTO `assignment_item` VALUES ('16b40bb5-f20e-4a0a-ad97-2966b7c6a432',3,'1L','b2603f44-e3a7-424d-9ce6-4aa163e47672'),('18e6de4f-302f-458c-b4e5-252bca4d64bc',1,'1L','866cccde-f827-47db-ad6f-1d541a881ddd'),('19789628-a8b5-46e7-a4b5-9f0a300cc20c',2,'5L','bc8e0516-8562-4e29-9a88-30fa8ba5885b'),('1e03b533-4a1b-4035-9aad-0b6bf04cb13a',3,'18L','34258d94-329e-47df-b4d6-5d74a54401e6'),('2379746b-4ade-496b-89a1-ad1a293e7f2c',1,'5L','eb88865d-04e6-4c0b-947b-f3210a19b379'),('269971dd-c0dd-44d9-a731-676995a746da',5,'1L','086bce2f-5d03-4a30-9e61-78d327ca8b01'),('2e4ad720-952e-4649-a7bb-62d75e7762a9',5,'1L','28672ab7-3a84-4f34-b8ed-11d72eeb7a35'),('30e694bc-bfa8-43ec-83fd-8c16987c0ec0',1,'1L','6499216f-f536-403e-a90f-f5bcae9b8e71'),('399bc656-96be-4f46-b08b-1c44d2147b46',1,'18L','feb23e2e-6072-4a02-bc6e-28aaf819357f'),('39c81314-4468-466c-81b2-25773301b22a',5,'1L','180dc4c3-4260-4e4f-a974-6fb6c77038b6'),('3a99e0e6-89b0-4255-ad6f-532764626372',10,'5L','086bce2f-5d03-4a30-9e61-78d327ca8b01'),('3b8dcfe3-e0d1-4c22-a817-28859f6a2e22',1,'5L','1f7b422a-995c-4ffb-893b-8ff8e6199824'),('3bebed7c-fae6-41c7-a3f6-29b03bbc9682',1,'5L','7cdee62c-827f-438a-a94c-6aa360ce053c'),('3d985fac-e0c7-43c2-99c6-7a2a5223c840',1,'5L','f893737d-e1b0-4e10-b2e5-43e58e35013c'),('3e6344b1-080d-4da9-9298-39062ece309c',1,'5L','161a86e5-3ed8-4d2d-9e42-e7375101e988'),('3f2e7450-98e3-42b2-84db-b1e80a8916df',5,'1L','dedfa325-1c53-4d30-ab92-0d4d995c92af'),('4800ddc4-8251-4c3c-b93e-868167af600d',1,'1L','1b999149-fd4c-46b8-8103-43ca1a6a11ed'),('4ab5b449-9199-4155-9468-d790c4a233ed',5,'1L','eb88865d-04e6-4c0b-947b-f3210a19b379'),('4ad86b59-7f96-4839-a6b0-4205408714b8',1,'5L','5bfe5e80-1a38-4265-8bd4-9c9747cb7a99'),('4c89fdc7-3e89-4504-80c9-0cbeb3410f0f',2,'5L','b2603f44-e3a7-424d-9ce6-4aa163e47672'),('4e1009e6-c403-4086-a34a-7541d65194bc',1,'18L','19c4e505-6e96-4869-ab87-d0b373ab347e'),('514c505e-c642-4c08-b8d0-4fa7eb737e96',1,'5L','5b168094-d922-4884-961b-8e5c816b7bf8'),('52008b72-3fe0-4d1c-ab78-9aa7670c9f0e',10,'5L','dedfa325-1c53-4d30-ab92-0d4d995c92af'),('6489021e-96d2-4f95-af11-ebf4db726516',5,'1L','94bdd981-0992-42cb-ade0-693541005a2c'),('65b314db-7bea-4a2d-ac05-025e48b3b6f5',5,'1L','3e079773-d16a-4232-9bad-d7ff3a3d44ae'),('6705001d-427b-4244-9c7a-54dc95922e6e',1,'5L','866cccde-f827-47db-ad6f-1d541a881ddd'),('6892ecf7-9e3a-4a88-ad90-e23c1525b4bb',1,'5L','3e079773-d16a-4232-9bad-d7ff3a3d44ae'),('6f300be9-8a03-482c-a806-599ae3be46c8',5,'1L','29185aa5-a233-411a-854e-f3840e19f6e6'),('7126e3fe-8f93-4700-8196-c831185e1088',1,'5L','b670464d-e722-48e5-925c-fd9a744ee357'),('7545a680-283d-4e71-ab7c-f07cde18bb1d',1,'1L','7cdee62c-827f-438a-a94c-6aa360ce053c'),('798230a1-e88d-4c30-ac70-9853bf89eb99',1,'5L','1b999149-fd4c-46b8-8103-43ca1a6a11ed'),('7b955673-7c0e-493d-b26d-6c523f36d19c',1,'5L','19c4e505-6e96-4869-ab87-d0b373ab347e'),('7dfbfc5e-d67e-4450-823a-069fc91db95a',5,'1L','f893737d-e1b0-4e10-b2e5-43e58e35013c'),('81e776ce-1e8d-4ae9-91c6-cf6a68f6b587',1,'18L','7ef5de8f-d571-4097-a27f-9d2f912ffe59'),('820c84d5-5826-4585-bc8a-aaf91fe66742',1,'5L','0d5feb0d-73f3-42d5-83db-2ab845ba8e32'),('82cb7a4d-4a0d-4fac-82c0-f6d8d48d68aa',1,'1L','4770cdcf-c225-4315-a3de-0c639707ee21'),('8be574c0-6391-4f3e-baa6-aeaa7cb7efa6',1,'18L','ef9c43ee-c85b-40ec-97c4-e55aba4bb289'),('91ff7a72-312d-4a49-b229-1d5a4f65f9e1',5,'1L','5463cdb0-cb3c-4c3d-b719-2bda6350c96b'),('92bf9f0b-891c-4b78-9b1a-560e654d33c4',1,'5L','4770cdcf-c225-4315-a3de-0c639707ee21'),('9ccf52ac-3606-43c4-870b-6f78b8b7e7e8',1,'5L','94bdd981-0992-42cb-ade0-693541005a2c'),('9d5e90fa-05d2-4d85-ba60-d24cdabf9624',1,'5L','5463cdb0-cb3c-4c3d-b719-2bda6350c96b'),('a01c1b96-d2b1-479d-8496-f6b6f0eac61a',2,'5L','d2d158ec-b28d-415d-af4d-5fa005924cf4'),('a672d0cc-28cb-4140-9ef4-b4feb5719c67',5,'1L','5b168094-d922-4884-961b-8e5c816b7bf8'),('bd56174f-c9e4-496a-91fc-86abe92e01d8',1,'5L','6499216f-f536-403e-a90f-f5bcae9b8e71'),('c071a0dd-2e5e-41ed-9443-dc2c656298d4',1,'18L','b2603f44-e3a7-424d-9ce6-4aa163e47672'),('cd1bba7d-ead0-48a0-85f2-f46fe8e71bcb',1,'1L','97b9cef9-3d59-4c60-b936-f9c99ce6f456'),('d0f1757d-31d6-438e-854e-0b6f35dd972e',1,'18L','508743f4-1ec8-4dda-a00c-1753fef6124c'),('de899405-0c8a-46dc-8a27-9770c7a0fc68',5,'1L','0d5feb0d-73f3-42d5-83db-2ab845ba8e32'),('e3b55839-de7e-450d-ba21-a9e038878514',1,'5L','29185aa5-a233-411a-854e-f3840e19f6e6'),('e61430a1-9aac-4ae2-aa45-3ffa971d75d2',1,'5L','10335701-3336-443a-bbb9-89eaceb6797b'),('ea96773b-3320-495e-83b2-f67d94c41cb7',2,'18L','79ffabd3-6b10-4023-aba5-d81a5c41aadb'),('eccca7d5-53e8-4859-84f9-8b684c09e65e',1,'5L','83fe0b24-ecdb-46db-bea7-b39d9ab0d739'),('f6a2acfe-4479-477b-aa57-ce37079eab14',5,'1L','83fe0b24-ecdb-46db-bea7-b39d9ab0d739'),('f883a0f7-03b0-4ba5-b689-95aa48414174',1,'1L','5bfe5e80-1a38-4265-8bd4-9c9747cb7a99'),('f8917b50-ad98-4275-abd8-27c8aceb8cbc',5,'1L','10335701-3336-443a-bbb9-89eaceb6797b'),('fa5c5f17-bdbc-4c40-8a2b-bcc83baf6605',10,'5L','28672ab7-3a84-4f34-b8ed-11d72eeb7a35'),('fc374c84-46fc-4db4-89db-858b7bc4e7c0',5,'1L','1f7b422a-995c-4ffb-893b-8ff8e6199824');
/*!40000 ALTER TABLE `assignment_item` ENABLE KEYS */;
UNLOCK TABLES;

--
-- Current Database: `water_delivery`
--

CREATE DATABASE /*!32312 IF NOT EXISTS*/ `water_delivery` /*!40100 DEFAULT CHARACTER SET utf8mb4 COLLATE utf8mb4_0900_ai_ci */ /*!80016 DEFAULT ENCRYPTION='N' */;

USE `water_delivery`;

--
-- Table structure for table `users`
--

DROP TABLE IF EXISTS `users`;
/*!40101 SET @saved_cs_client     = @@character_set_client */;
/*!50503 SET character_set_client = utf8mb4 */;
CREATE TABLE `users` (
  `id` varchar(255) NOT NULL,
  `password` varchar(255) NOT NULL,
  `role` enum('ADMIN','COURIER','USER') DEFAULT NULL,
  `username` varchar(255) NOT NULL,
  PRIMARY KEY (`id`),
  UNIQUE KEY `UKr43af9ap4edm43mmtq01oddj6` (`username`)
) ENGINE=InnoDB DEFAULT CHARSET=utf8mb4 COLLATE=utf8mb4_0900_ai_ci;
/*!40101 SET character_set_client = @saved_cs_client */;

--
-- Dumping data for table `users`
--

LOCK TABLES `users` WRITE;
/*!40000 ALTER TABLE `users` DISABLE KEYS */;
INSERT INTO `users` VALUES ('22609fcd-9b5d-4be8-b009-80f75946abf8','$2a$10$2vrZw9UKTkRn/gDgmKMIM.8hdRIx21wAJzwZ2aZ8sRJkxIIItE.PW','USER','Dasha'),('63f638fb-5d6f-46bd-bf70-0db85256002e','$2a$10$IJ6ygP1RFRK3ixEFahRY6eTw9.ixSca1REK85Q.l6HolOmVW0UU1O','USER','test1'),('769487dd-eafb-4475-b7f7-8209baa64e2b','$2a$10$NkBviel7vbu7BJhsjbTsPe.awamNhcBH8jaH0uDIwzmccI357vJbS','ADMIN','admin'),('885c7951-4994-4f95-bf4f-2fd48294efd0','$2a$10$VLkz35irNG3eyITSc4wpxevOHs2lcNNW.9CHaII9DiFPxKG74JV9C','USER','user-123'),('8d544cc7-9901-4b53-9cc0-314c3b37c125','$2a$10$QpQjQ137hwImlvhyzbYlfO0U.OZIxuULeTcnVzhyqpMV40uSAmsXW','COURIER','cour-4'),('cf3d307f-8985-455c-875d-af90f950294a','$2a$10$sLJVp5tlILwY2kXk5rGAU.rQLDefq1HjcYyJ8B9I0dKzeoVnIEieu','COURIER','cour-5'),('f81e9b26-c51b-4f51-a289-308c3696860d','$2a$10$nVsygn35WxixiAULMnuLNu1jZZqlyNYm9psz1lezPThM8hp0M8Zr.','USER','user1');
/*!40000 ALTER TABLE `users` ENABLE KEYS */;
UNLOCK TABLES;

--
-- Current Database: `orders_db`
--

CREATE DATABASE /*!32312 IF NOT EXISTS*/ `orders_db` /*!40100 DEFAULT CHARACTER SET utf8mb4 COLLATE utf8mb4_0900_ai_ci */ /*!80016 DEFAULT ENCRYPTION='N' */;

USE `orders_db`;

--
-- Table structure for table `order_items`
--

DROP TABLE IF EXISTS `order_items`;
/*!40101 SET @saved_cs_client     = @@character_set_client */;
/*!50503 SET character_set_client = utf8mb4 */;
CREATE TABLE `order_items` (
  `id` bigint NOT NULL AUTO_INCREMENT,
  `quantity` int NOT NULL,
  `size` varchar(255) NOT NULL,
  `order_id` varchar(255) DEFAULT NULL,
  PRIMARY KEY (`id`),
  KEY `FKbioxgbv59vetrxe0ejfubep1w` (`order_id`),
  CONSTRAINT `FKbioxgbv59vetrxe0ejfubep1w` FOREIGN KEY (`order_id`) REFERENCES `orders` (`id`)
) ENGINE=InnoDB AUTO_INCREMENT=268 DEFAULT CHARSET=utf8mb4 COLLATE=utf8mb4_0900_ai_ci;
/*!40101 SET character_set_client = @saved_cs_client */;

--
-- Dumping data for table `order_items`
--

LOCK TABLES `order_items` WRITE;
/*!40000 ALTER TABLE `order_items` DISABLE KEYS */;
INSERT INTO `order_items` VALUES (1,1,'18L',NULL),(2,2,'5L',NULL),(3,10,'18L',NULL),(4,2,'5L',NULL),(5,10,'18L',NULL),(6,2,'5L',NULL),(7,1,'18L',NULL),(8,2,'5L',NULL),(9,1,'18L',NULL),(10,2,'5L',NULL),(11,1,'18L',NULL),(12,2,'5L',NULL),(13,1,'18L',NULL),(14,20,'5L',NULL),(15,1,'18L',NULL),(16,20,'5L',NULL),(17,100,'18L',NULL),(18,20,'5L',NULL),(19,10,'18L',NULL),(20,20,'5L',NULL),(21,10,'18L',NULL),(22,20,'5L',NULL),(23,10,'18L',NULL),(24,20,'5L',NULL),(25,10,'18L',NULL),(26,20,'5L',NULL),(27,10,'18L',NULL),(28,20,'5L',NULL),(29,10,'18L',NULL),(30,20,'5L',NULL),(31,10,'10L',NULL),(32,0,'5L',NULL),(33,10,'1L',NULL),(34,0,'5L',NULL),(63,5,'1L','0d10fe3d-6072-436a-ad30-4af2e002ff13'),(64,10,'5L','0d10fe3d-6072-436a-ad30-4af2e002ff13'),(65,1,'1L','1679d723-d9be-4375-85b9-f33ddc8ef746'),(66,1,'18L','1679d723-d9be-4375-85b9-f33ddc8ef746'),(67,1,'1L','16c8d97d-513d-443d-ba83-2a13c86b2f4c'),(68,1,'18L','16c8d97d-513d-443d-ba83-2a13c86b2f4c'),(69,1,'1L','062a4295-b04d-4373-80e8-3fecdc3d5051'),(70,1,'18L','062a4295-b04d-4373-80e8-3fecdc3d5051'),(71,100,'1L','4a333d45-0b5d-416c-a72a-24605b050fca'),(72,1,'18L','4a333d45-0b5d-416c-a72a-24605b050fca'),(73,100,'1L','8bc4db54-0565-49a4-bd7c-490f5f613015'),(74,1,'18L','8bc4db54-0565-49a4-bd7c-490f5f613015'),(75,100,'1L','c5e39b7a-f522-4077-8fa5-e4d08a48633e'),(76,1,'18L','c5e39b7a-f522-4077-8fa5-e4d08a48633e'),(77,1,'1L','85d05638-e24b-45d5-a707-0c2ddb9699f4'),(78,1,'18L','85d05638-e24b-45d5-a707-0c2ddb9699f4'),(79,1,'1L','03e735e0-4bb5-4ec9-b35d-7ec25c57c856'),(80,1,'18L','03e735e0-4bb5-4ec9-b35d-7ec25c57c856'),(81,1,'1L','0406b145-ddac-427f-9cb7-b1363723ad95'),(82,1,'18L','0406b145-ddac-427f-9cb7-b1363723ad95'),(83,1,'1L','59bb518f-963c-4009-84ea-e24bd35efc8d'),(84,1,'18L','59bb518f-963c-4009-84ea-e24bd35efc8d'),(85,1,'1L','9e15fec3-7f1f-4362-8459-52c33bf331ac'),(86,1,'18L','9e15fec3-7f1f-4362-8459-52c33bf331ac'),(87,5,'1L','bb394f67-a3fa-4302-94c5-0c9950a265cd'),(88,2,'5L','bb394f67-a3fa-4302-94c5-0c9950a265cd'),(89,1,'18L','bb394f67-a3fa-4302-94c5-0c9950a265cd'),(90,10,'1L','3dd790c0-57a8-486a-8111-b40495497e0a'),(91,1,'18L','3dd790c0-57a8-486a-8111-b40495497e0a'),(92,10,'1L','69cb990b-3098-46e4-a934-b9b2ef0deb81'),(93,1,'18L','69cb990b-3098-46e4-a934-b9b2ef0deb81'),(94,10,'1L','d0db23e0-bfcd-4d44-a009-1d68b8dc177f'),(95,1,'18L','d0db23e0-bfcd-4d44-a009-1d68b8dc177f'),(96,5,'1L','e6b45525-035d-4da5-9d51-ffd8307fe49e'),(97,2,'5L','e6b45525-035d-4da5-9d51-ffd8307fe49e'),(98,1,'18L','e6b45525-035d-4da5-9d51-ffd8307fe49e'),(99,1,'1L','826abb18-fb2e-4b0a-9728-a91222a2a379'),(100,1,'18L','826abb18-fb2e-4b0a-9728-a91222a2a379'),(101,1,'1L','8685c706-1190-433a-b44d-0d7577d7b16d'),(102,1,'18L','8685c706-1190-433a-b44d-0d7577d7b16d'),(103,5,'1L','2eaf93df-9eb3-4db6-8963-0cfea214c578'),(104,2,'5L','2eaf93df-9eb3-4db6-8963-0cfea214c578'),(105,1,'18L','2eaf93df-9eb3-4db6-8963-0cfea214c578'),(106,1,'1L','65e666cf-feed-4d22-9077-763a4070196d'),(107,1,'18L','65e666cf-feed-4d22-9077-763a4070196d'),(108,1,'1L','201af771-fa7d-4f2e-8ab7-4eb09d882f45'),(109,1,'18L','201af771-fa7d-4f2e-8ab7-4eb09d882f45'),(110,1,'18L','8f39855f-7315-4852-be15-f67da7c033c0'),(111,2,'5L','8f39855f-7315-4852-be15-f67da7c033c0'),(112,1,'5L','1a5efed2-a67d-4899-b178-5f514230d556'),(113,1,'5L','8e05e013-4b6a-49b1-86ae-f498a47476fc'),(114,1,'5L','feb9a5a8-615d-4172-96c0-6a07001de6e4'),(115,1,'1L','b3da520a-176c-4c86-9d60-ba0a2f7dd963'),(116,1,'18L','b3da520a-176c-4c86-9d60-ba0a2f7dd963'),(117,1,'1L','d71b5f02-c06c-4acf-9a79-9f8e11ed69ed'),(118,1,'18L','d71b5f02-c06c-4acf-9a79-9f8e11ed69ed'),(119,2,'18L','ca3640a6-43f0-46e5-971b-5c53a6755a6b'),(120,1,'1L','e52cbf18-fea2-4239-af38-2f9c5b00546f'),(121,1,'18L','e52cbf18-fea2-4239-af38-2f9c5b00546f'),(122,1,'1L','bbbd7174-d86f-4648-9937-7cf0f7459220'),(123,1,'18L','bbbd7174-d86f-4648-9937-7cf0f7459220'),(124,1,'1L','a18f8301-785e-4640-ae10-68fe2d342ff8'),(125,1,'18L','a18f8301-785e-4640-ae10-68fe2d342ff8'),(126,1,'1L','31217735-2c87-49ec-a5f9-6f512fb779a5'),(127,1,'18L','31217735-2c87-49ec-a5f9-6f512fb779a5'),(128,1,'1L','898e8050-a2c9-4f8b-9e2c-e630d3e655c8'),(129,1,'18L','898e8050-a2c9-4f8b-9e2c-e630d3e655c8'),(130,1,'1L','cb883613-bf7c-4e69-af53-d0827ae2b15a'),(131,1,'18L','cb883613-bf7c-4e69-af53-d0827ae2b15a'),(132,1,'1L','7719a95d-23ec-4457-9a2a-ba952cef1a4b'),(133,1,'18L','7719a95d-23ec-4457-9a2a-ba952cef1a4b'),(134,1,'1L','3c7ac538-0104-49a8-9129-b70659b46db3'),(135,1,'18L','3c7ac538-0104-49a8-9129-b70659b46db3'),(136,1,'1L','0f75abcd-3f77-49fd-ab1f-864b5d4ec62f'),(137,1,'18L','0f75abcd-3f77-49fd-ab1f-864b5d4ec62f'),(138,1,'1L','dc51e889-5c8c-4f8d-904d-d8dc06021c5b'),(139,1,'18L','dc51e889-5c8c-4f8d-904d-d8dc06021c5b'),(140,2,'18L','df8f416e-45c0-4bcf-b052-87d068daf47b'),(141,1,'1L','2cc806b3-2043-447b-b669-8efee3ab936f'),(142,1,'18L','2cc806b3-2043-447b-b669-8efee3ab936f'),(143,1,'1L','415bd946-3afb-40d7-bb22-4c4610894c09'),(144,1,'18L','415bd946-3afb-40d7-bb22-4c4610894c09'),(145,1,'1L','42f04dd4-c8e9-450f-837a-7a7f03403cd9'),(146,1,'18L','42f04dd4-c8e9-450f-837a-7a7f03403cd9'),(147,1,'1L','4f3e11be-ed9b-4eef-9efa-e9149a282704'),(148,1,'18L','4f3e11be-ed9b-4eef-9efa-e9149a282704'),(149,1,'1L','b5b3715d-e64f-4a8f-b8dc-ddf1fb1989b7'),(150,1,'18L','b5b3715d-e64f-4a8f-b8dc-ddf1fb1989b7'),(151,1,'1L','febf3009-c99d-4b6f-bf78-a9c751f2dbd5'),(152,1,'18L','febf3009-c99d-4b6f-bf78-a9c751f2dbd5'),(153,1,'1L','fe13a60a-075b-415b-b945-07c124e8dc8f'),(154,10,'5L','fe13a60a-075b-415b-b945-07c124e8dc8f'),(155,1,'1L','f2e7bdc9-89ed-4aac-888e-d5b937bf6469'),(156,10,'5L','f2e7bdc9-89ed-4aac-888e-d5b937bf6469'),(157,1,'1L','50e6636f-9a63-43f6-b6fe-a26d136a056c'),(158,10,'5L','50e6636f-9a63-43f6-b6fe-a26d136a056c'),(159,1,'1L','da4ee225-bd3c-4c38-80f1-98dc547b83a0'),(160,10,'5L','da4ee225-bd3c-4c38-80f1-98dc547b83a0'),(161,1,'1L','fa84b838-103d-425e-95f9-93c9b63a841b'),(162,10,'5L','fa84b838-103d-425e-95f9-93c9b63a841b'),(163,1,'1L','3445e521-0a2a-458a-97b3-afe3a22c55f1'),(164,1,'5L','3445e521-0a2a-458a-97b3-afe3a22c55f1'),(165,1,'1L','42947152-54d9-441e-837c-0cbdedc13a06'),(166,1,'5L','42947152-54d9-441e-837c-0cbdedc13a06'),(167,5,'1L','2e0177d5-40c3-43e2-9217-6dabcc37ae62'),(168,1,'5L','2e0177d5-40c3-43e2-9217-6dabcc37ae62'),(169,5,'1L','6b55f74a-8531-4d37-b492-e4463a70c07a'),(170,1,'5L','6b55f74a-8531-4d37-b492-e4463a70c07a'),(171,2,'18L','ba139a87-44ab-4357-ac64-470cce63f9d6'),(172,1,'1L','ba139a87-44ab-4357-ac64-470cce63f9d6'),(173,1,'18L','e33453b3-baf5-4f70-8698-3ffa2bb73a95'),(174,1,'18L','7aa1d458-1055-4a89-aadb-99247e6046f5'),(175,6,'5L','5bbcf990-08ad-47f3-8a5b-8b6d0303bfa9'),(176,5,'1L','7772b686-1f0c-44b0-93a2-2c7b970f2cfe'),(177,1,'5L','7772b686-1f0c-44b0-93a2-2c7b970f2cfe'),(178,5,'1L','9ad98446-ef26-4a7f-a02f-2bfa4b0894b4'),(179,1,'5L','9ad98446-ef26-4a7f-a02f-2bfa4b0894b4'),(180,5,'1L','a1694941-e373-4b20-b27a-402071f4d499'),(181,1,'5L','a1694941-e373-4b20-b27a-402071f4d499'),(182,1,'18L','817c988c-c04f-4712-932f-b58e252a72db'),(183,5,'1L','a87dec67-0bc7-4e1f-a32d-f9bcb631c0ed'),(184,1,'5L','a87dec67-0bc7-4e1f-a32d-f9bcb631c0ed'),(185,1,'18L','26d32d8d-cf30-4402-b1fd-87d87fcab064'),(186,1,'18L','ac6f4882-9a5d-43af-896f-db7e42b272e5'),(187,2,'1L','a31db5e1-0f1e-4bed-b3fc-722a002b007b'),(188,1,'5L','a31db5e1-0f1e-4bed-b3fc-722a002b007b'),(189,1,'18L','a31db5e1-0f1e-4bed-b3fc-722a002b007b'),(190,1,'18L','1cc61f10-fce9-49b5-bada-c1e69441211d'),(191,1,'5L','1cc61f10-fce9-49b5-bada-c1e69441211d'),(192,5,'1L','7b350b31-621e-4406-8f6a-483a208ce484'),(193,1,'5L','7b350b31-621e-4406-8f6a-483a208ce484'),(194,5,'1L','1a1e1cce-92e8-477f-86b3-e12e892eb3f5'),(195,1,'5L','1a1e1cce-92e8-477f-86b3-e12e892eb3f5'),(196,5,'1L','8c2a6c31-7143-4678-8555-118a6756f03a'),(197,1,'5L','8c2a6c31-7143-4678-8555-118a6756f03a'),(198,5,'1L','8d891b3b-017a-4a62-b68a-e9db33117ed5'),(199,10,'5L','8d891b3b-017a-4a62-b68a-e9db33117ed5'),(200,2,'18L','854f143f-599b-48d9-8351-10bee38e974d'),(201,3,'1L','3e9685f8-1b4d-406c-8a3b-ea3c9a7f90ae'),(202,2,'5L','3e9685f8-1b4d-406c-8a3b-ea3c9a7f90ae'),(203,1,'18L','3e9685f8-1b4d-406c-8a3b-ea3c9a7f90ae'),(204,5,'1L','6ac05485-38b3-4fec-ba2e-7d907ef69b40'),(205,10,'5L','6ac05485-38b3-4fec-ba2e-7d907ef69b40'),(206,1,'18L','d4236370-5c97-4c6e-838b-904f53262e21'),(207,5,'1L','0a125225-e84b-4ff7-a493-180236c0124b'),(208,10,'5L','0a125225-e84b-4ff7-a493-180236c0124b'),(209,1,'18L','86f2a730-d2d9-4274-8b81-66221fffe2ed'),(210,5,'1L','62a5fcbc-f9ef-4583-ad01-57c87b966255'),(211,10,'5L','62a5fcbc-f9ef-4583-ad01-57c87b966255'),(212,5,'1L','2e723338-5173-4a8b-82f2-11906bd776ae'),(213,10,'5L','2e723338-5173-4a8b-82f2-11906bd776ae'),(214,5,'1L','91761c6f-60b1-427c-aa4c-0b088565ad7b'),(215,1,'5L','91761c6f-60b1-427c-aa4c-0b088565ad7b'),(216,5,'1L','89681fa5-eb03-4463-905b-27714279c08f'),(217,1,'5L','89681fa5-eb03-4463-905b-27714279c08f'),(218,2,'5L','30903b40-b5f5-4515-a210-cd67c941908a'),(219,5,'1L','9b8a4cb8-0ea7-4b2c-ad6c-b9ee83adb636'),(220,1,'5L','9b8a4cb8-0ea7-4b2c-ad6c-b9ee83adb636'),(221,5,'1L','c7599026-c690-4428-bdc7-fc82f0de2d16'),(222,2,'5L','50e24f15-b92e-4ea3-beb7-bc026447dd0b'),(223,1,'1L','b263413c-d9de-48a4-a273-e95749d1339d'),(224,1,'18L','5b1ef945-e9cd-4826-90f3-356fe47626d9'),(225,1,'18L','c15fbe9d-9c76-401d-b559-c49c7235397b'),(226,1,'18L','c3b58e3d-3137-493a-95a5-f2c0f880ea5a'),(227,1,'5L','016f1266-dcfb-4136-94f3-2eb9bc1febb4'),(228,1,'1L','32c8347e-e5c3-4686-8c01-441b1c350469'),(229,1,'5L','1a79a760-46b3-49b0-904f-1b19f41e3c0c'),(230,1,'5L','d776c46b-750f-4f92-b9de-e6fa2774de76'),(231,1,'5L','a3e6aff3-7f68-4102-a084-b4f3991be7fb'),(232,3,'18L','b13e4111-ac2a-4262-b74e-83c4d8c185ed'),(233,4,'5L','a220c31d-9f1d-4973-9e98-41b50d86403d'),(234,5,'1L','4cbd6118-7347-41db-8e06-0d5b2a8fedc8'),(235,1,'5L','4cbd6118-7347-41db-8e06-0d5b2a8fedc8'),(236,2,'5L','5a2272e0-61fa-4aee-8a4b-9b862881a250'),(237,2,'5L','cf4cb98a-8364-4559-bcca-e14a8cd9ca2a'),(238,1,'1L','79d12503-d83f-461b-8a44-cb2fedb15813'),(239,2,'18L','5a975a0b-14da-4984-9bcc-d574f18b6053'),(240,1,'18L','b8a4067a-3c08-40e2-b79d-3395ddd90160'),(241,5,'1L','7f733494-8d8c-407d-9ec0-036b3c7f0d9d'),(242,1,'5L','7f733494-8d8c-407d-9ec0-036b3c7f0d9d'),(243,5,'1L','9a4d3c27-727b-4bbb-9175-9fc75fccf9d0'),(244,1,'5L','9a4d3c27-727b-4bbb-9175-9fc75fccf9d0'),(245,5,'1L','471050bf-ded2-44fb-8ddf-43114f444d8a'),(246,1,'5L','471050bf-ded2-44fb-8ddf-43114f444d8a'),(247,5,'1L','d5844580-ffe4-4b8c-a4fd-31cc3ad0d0da'),(248,1,'5L','d5844580-ffe4-4b8c-a4fd-31cc3ad0d0da'),(249,5,'1L','c15b4b57-a345-4410-95ca-549934858e12'),(250,1,'5L','c15b4b57-a345-4410-95ca-549934858e12'),(251,1,'1L','02ab7000-7685-4d3f-a1ff-ccc8436f42a7'),(252,1,'5L','02ab7000-7685-4d3f-a1ff-ccc8436f42a7'),(253,2,'5L','3d32687a-e62c-45ab-9ff1-ca1c49e04a95'),(254,1,'18L','bfb6007a-1c40-436a-8010-2ebfcd26b4aa'),(255,1,'5L','bfb6007a-1c40-436a-8010-2ebfcd26b4aa'),(256,1,'1L','beee0ed4-c24c-42ae-98a3-4a6d81948fa9'),(257,1,'5L','beee0ed4-c24c-42ae-98a3-4a6d81948fa9'),(258,1,'1L','1b5babca-21b8-4459-9806-7d16ebef1bdd'),(259,1,'5L','1b5babca-21b8-4459-9806-7d16ebef1bdd'),(260,1,'1L','2b84667a-5fee-4a51-a4b8-bc6b0232bbf1'),(261,1,'5L','2b84667a-5fee-4a51-a4b8-bc6b0232bbf1'),(262,1,'1L','6e20bb96-1dfa-44f1-8de5-9bea82bed69d'),(263,1,'5L','6e20bb96-1dfa-44f1-8de5-9bea82bed69d'),(264,1,'1L','f18398a4-d517-448f-b33d-7515fd6c5690'),(265,1,'5L','f18398a4-d517-448f-b33d-7515fd6c5690'),(266,10,'18L','2f4faa9a-ef06-4618-ab56-630bc5e30fec'),(267,1,'5L','2f4faa9a-ef06-4618-ab56-630bc5e30fec');
/*!40000 ALTER TABLE `order_items` ENABLE KEYS */;
UNLOCK TABLES;

--
-- Table structure for table `order_sequence`
--

DROP TABLE IF EXISTS `order_sequence`;
/*!40101 SET @saved_cs_client     = @@character_set_client */;
/*!50503 SET character_set_client = utf8mb4 */;
CREATE TABLE `order_sequence` (
  `id` bigint NOT NULL AUTO_INCREMENT,
  PRIMARY KEY (`id`)
) ENGINE=InnoDB AUTO_INCREMENT=124 DEFAULT CHARSET=utf8mb4 COLLATE=utf8mb4_0900_ai_ci;
/*!40101 SET character_set_client = @saved_cs_client */;

--
-- Dumping data for table `order_sequence`
--

LOCK TABLES `order_sequence` WRITE;
/*!40000 ALTER TABLE `order_sequence` DISABLE KEYS */;
INSERT INTO `order_sequence` VALUES (1),(2),(3),(4),(5),(6),(7),(8),(9),(10),(11),(12),(13),(14),(15),(16),(17),(18),(19),(20),(21),(22),(23),(24),(25),(26),(27),(28),(29),(30),(31),(32),(33),(34),(35),(36),(37),(38),(39),(40),(41),(42),(43),(44),(45),(46),(47),(48),(49),(50),(51),(52),(53),(54),(55),(56),(57),(58),(59),(60),(61),(62),(63),(64),(65),(66),(67),(68),(69),(70),(71),(72),(73),(74),(75),(76),(77),(78),(79),(80),(81),(82),(83),(84),(85),(86),(87),(88),(89),(90),(91),(92),(93),(94),(95),(96),(97),(98),(99),(100),(101),(102),(103),(104),(105),(106),(107),(108),(109),(110),(111),(112),(113),(114),(115),(116),(117),(118),(119),(120),(121),(122),(123);
/*!40000 ALTER TABLE `order_sequence` ENABLE KEYS */;
UNLOCK TABLES;

--
-- Table structure for table `order_status_history`
--

DROP TABLE IF EXISTS `order_status_history`;
/*!40101 SET @saved_cs_client     = @@character_set_client */;
/*!50503 SET character_set_client = utf8mb4 */;
CREATE TABLE `order_status_history` (
  `id` bigint NOT NULL AUTO_INCREMENT,
  `changed_at` datetime(6) NOT NULL,
  `status` varchar(50) NOT NULL,
  `order_id` varchar(255) DEFAULT NULL,
  PRIMARY KEY (`id`),
  KEY `FKnmcbg3mmbt8wfva97ra40nmp3` (`order_id`),
  CONSTRAINT `FKnmcbg3mmbt8wfva97ra40nmp3` FOREIGN KEY (`order_id`) REFERENCES `orders` (`id`)
) ENGINE=InnoDB AUTO_INCREMENT=346 DEFAULT CHARSET=utf8mb4 COLLATE=utf8mb4_0900_ai_ci;
/*!40101 SET character_set_client = @saved_cs_client */;

--
-- Dumping data for table `order_status_history`
--

LOCK TABLES `order_status_history` WRITE;
/*!40000 ALTER TABLE `order_status_history` DISABLE KEYS */;
INSERT INTO `order_status_history` VALUES (19,'2025-09-03 14:21:50.811077','PENDING','0d10fe3d-6072-436a-ad30-4af2e002ff13'),(20,'2025-09-03 16:33:36.816152','PENDING','1679d723-d9be-4375-85b9-f33ddc8ef746'),(21,'2025-09-03 16:33:37.647344','CONFIRMED','1679d723-d9be-4375-85b9-f33ddc8ef746'),(22,'2025-09-03 17:44:45.957233','PENDING','16c8d97d-513d-443d-ba83-2a13c86b2f4c'),(23,'2025-09-03 17:44:46.793210','CANCELLED','16c8d97d-513d-443d-ba83-2a13c86b2f4c'),(24,'2025-09-03 17:45:12.363884','PENDING','062a4295-b04d-4373-80e8-3fecdc3d5051'),(25,'2025-09-03 17:45:12.406328','CANCELLED','062a4295-b04d-4373-80e8-3fecdc3d5051'),(26,'2025-09-03 17:45:18.584760','PENDING','4a333d45-0b5d-416c-a72a-24605b050fca'),(27,'2025-09-03 17:45:18.624943','CANCELLED','4a333d45-0b5d-416c-a72a-24605b050fca'),(28,'2025-09-03 17:56:44.630764','PENDING','8bc4db54-0565-49a4-bd7c-490f5f613015'),(29,'2025-09-03 17:56:45.709124','CANCELLED','8bc4db54-0565-49a4-bd7c-490f5f613015'),(30,'2025-09-03 19:05:47.719502','PENDING','c5e39b7a-f522-4077-8fa5-e4d08a48633e'),(31,'2025-09-03 19:05:48.368176','CONFIRMED','c5e39b7a-f522-4077-8fa5-e4d08a48633e'),(32,'2025-09-03 19:25:12.282110','CANCELLED','4a333d45-0b5d-416c-a72a-24605b050fca'),(33,'2025-09-03 19:25:12.309788','CANCELLED','8bc4db54-0565-49a4-bd7c-490f5f613015'),(34,'2025-09-03 19:25:12.315771','CANCELLED','c5e39b7a-f522-4077-8fa5-e4d08a48633e'),(35,'2025-09-03 19:34:39.870158','PENDING','85d05638-e24b-45d5-a707-0c2ddb9699f4'),(36,'2025-09-03 19:44:42.022498','PENDING','03e735e0-4bb5-4ec9-b35d-7ec25c57c856'),(37,'2025-09-03 19:44:42.919144','CONFIRMED','03e735e0-4bb5-4ec9-b35d-7ec25c57c856'),(38,'2025-09-03 19:47:10.715172','PENDING','0406b145-ddac-427f-9cb7-b1363723ad95'),(39,'2025-09-03 19:47:10.904895','CONFIRMED','0406b145-ddac-427f-9cb7-b1363723ad95'),(40,'2025-09-03 21:00:41.170221','PENDING','59bb518f-963c-4009-84ea-e24bd35efc8d'),(41,'2025-09-03 21:00:42.877239','CANCELLED','59bb518f-963c-4009-84ea-e24bd35efc8d'),(42,'2025-09-03 21:14:28.713225','PENDING','9e15fec3-7f1f-4362-8459-52c33bf331ac'),(43,'2025-09-03 21:14:29.435158','CONFIRMED','9e15fec3-7f1f-4362-8459-52c33bf331ac'),(44,'2025-09-03 21:14:35.273353','PENDING','bb394f67-a3fa-4302-94c5-0c9950a265cd'),(45,'2025-09-03 21:14:35.811520','CONFIRMED','bb394f67-a3fa-4302-94c5-0c9950a265cd'),(46,'2025-09-03 21:23:16.927486','PENDING','3dd790c0-57a8-486a-8111-b40495497e0a'),(47,'2025-09-03 21:23:17.716968','CONFIRMED','3dd790c0-57a8-486a-8111-b40495497e0a'),(48,'2025-09-03 21:24:55.364410','PENDING','69cb990b-3098-46e4-a934-b9b2ef0deb81'),(49,'2025-09-03 21:24:55.891185','CONFIRMED','69cb990b-3098-46e4-a934-b9b2ef0deb81'),(50,'2025-09-03 21:28:11.026206','PENDING','d0db23e0-bfcd-4d44-a009-1d68b8dc177f'),(51,'2025-09-03 21:28:11.366136','CONFIRMED','d0db23e0-bfcd-4d44-a009-1d68b8dc177f'),(52,'2025-09-03 21:38:07.219748','PENDING','e6b45525-035d-4da5-9d51-ffd8307fe49e'),(53,'2025-09-03 21:38:08.021508','CONFIRMED','e6b45525-035d-4da5-9d51-ffd8307fe49e'),(54,'2025-09-03 21:38:08.188308','CANCELLED','e6b45525-035d-4da5-9d51-ffd8307fe49e'),(55,'2025-09-03 21:38:24.141900','PENDING','826abb18-fb2e-4b0a-9728-a91222a2a379'),(56,'2025-09-03 21:38:24.484676','CONFIRMED','826abb18-fb2e-4b0a-9728-a91222a2a379'),(57,'2025-09-03 21:52:38.064848','PENDING','8685c706-1190-433a-b44d-0d7577d7b16d'),(58,'2025-09-03 21:52:38.670778','CANCELLED','8685c706-1190-433a-b44d-0d7577d7b16d'),(59,'2025-09-03 21:53:11.161512','PENDING','2eaf93df-9eb3-4db6-8963-0cfea214c578'),(60,'2025-09-03 21:53:11.187646','CANCELLED','2eaf93df-9eb3-4db6-8963-0cfea214c578'),(61,'2025-09-03 21:57:30.686780','PENDING','65e666cf-feed-4d22-9077-763a4070196d'),(62,'2025-09-03 21:57:31.047447','CANCELLED','65e666cf-feed-4d22-9077-763a4070196d'),(63,'2025-09-03 21:57:31.084650','CONFIRMED','65e666cf-feed-4d22-9077-763a4070196d'),(64,'2025-09-03 22:00:39.221193','PENDING','201af771-fa7d-4f2e-8ab7-4eb09d882f45'),(65,'2025-09-03 22:00:39.494747','CANCELLED','201af771-fa7d-4f2e-8ab7-4eb09d882f45'),(66,'2025-09-03 22:00:39.546043','CONFIRMED','201af771-fa7d-4f2e-8ab7-4eb09d882f45'),(67,'2025-09-03 22:02:12.184750','PENDING','8f39855f-7315-4852-be15-f67da7c033c0'),(68,'2025-09-03 22:02:12.223146','CANCELLED','8f39855f-7315-4852-be15-f67da7c033c0'),(69,'2025-09-03 22:03:57.219271','PENDING','1a5efed2-a67d-4899-b178-5f514230d556'),(70,'2025-09-03 22:03:57.257556','CANCELLED','1a5efed2-a67d-4899-b178-5f514230d556'),(71,'2025-09-03 22:06:16.441990','PENDING','8e05e013-4b6a-49b1-86ae-f498a47476fc'),(72,'2025-09-03 22:06:16.492031','CONFIRMED','8e05e013-4b6a-49b1-86ae-f498a47476fc'),(73,'2025-09-03 22:09:03.893891','PENDING','feb9a5a8-615d-4172-96c0-6a07001de6e4'),(74,'2025-09-03 22:09:03.923213','CANCELLED','feb9a5a8-615d-4172-96c0-6a07001de6e4'),(75,'2025-09-03 22:10:29.441073','PENDING','b3da520a-176c-4c86-9d60-ba0a2f7dd963'),(76,'2025-09-03 22:10:29.846284','CANCELLED','b3da520a-176c-4c86-9d60-ba0a2f7dd963'),(77,'2025-09-03 22:10:29.894568','CONFIRMED','b3da520a-176c-4c86-9d60-ba0a2f7dd963'),(78,'2025-09-03 22:12:23.570419','PENDING','d71b5f02-c06c-4acf-9a79-9f8e11ed69ed'),(79,'2025-09-03 22:12:23.950198','CANCELLED','d71b5f02-c06c-4acf-9a79-9f8e11ed69ed'),(80,'2025-09-03 22:12:24.001244','CONFIRMED','d71b5f02-c06c-4acf-9a79-9f8e11ed69ed'),(81,'2025-09-03 22:13:00.154672','PENDING','ca3640a6-43f0-46e5-971b-5c53a6755a6b'),(82,'2025-09-03 22:13:00.190728','CANCELLED','ca3640a6-43f0-46e5-971b-5c53a6755a6b'),(83,'2025-09-03 22:14:33.485354','PENDING','e52cbf18-fea2-4239-af38-2f9c5b00546f'),(84,'2025-09-03 22:14:33.969969','CANCELLED','e52cbf18-fea2-4239-af38-2f9c5b00546f'),(85,'2025-09-03 22:14:34.006536','CONFIRMED','e52cbf18-fea2-4239-af38-2f9c5b00546f'),(86,'2025-09-03 22:16:27.839439','PENDING','bbbd7174-d86f-4648-9937-7cf0f7459220'),(87,'2025-09-03 22:16:28.230770','CANCELLED','bbbd7174-d86f-4648-9937-7cf0f7459220'),(88,'2025-09-03 22:16:28.285908','CANCELLED','bbbd7174-d86f-4648-9937-7cf0f7459220'),(89,'2025-09-03 22:18:42.867140','PENDING','a18f8301-785e-4640-ae10-68fe2d342ff8'),(90,'2025-09-03 22:18:42.955058','CONFIRMED','a18f8301-785e-4640-ae10-68fe2d342ff8'),(91,'2025-09-03 22:28:08.695264','PENDING','31217735-2c87-49ec-a5f9-6f512fb779a5'),(92,'2025-09-03 22:28:10.266563','CONFIRMED','31217735-2c87-49ec-a5f9-6f512fb779a5'),(93,'2025-09-03 22:44:18.814588','PENDING','898e8050-a2c9-4f8b-9e2c-e630d3e655c8'),(94,'2025-09-03 22:44:19.517810','CONFIRMED','898e8050-a2c9-4f8b-9e2c-e630d3e655c8'),(95,'2025-09-03 23:13:52.959867','PENDING','cb883613-bf7c-4e69-af53-d0827ae2b15a'),(96,'2025-09-03 23:13:54.060138','CANCELLED','cb883613-bf7c-4e69-af53-d0827ae2b15a'),(97,'2025-09-03 23:14:47.316585','PENDING','7719a95d-23ec-4457-9a2a-ba952cef1a4b'),(98,'2025-09-03 23:14:47.389926','CONFIRMED','7719a95d-23ec-4457-9a2a-ba952cef1a4b'),(99,'2025-09-03 23:18:29.363162','PENDING','3c7ac538-0104-49a8-9129-b70659b46db3'),(100,'2025-09-03 23:18:30.619970','CANCELLED','3c7ac538-0104-49a8-9129-b70659b46db3'),(101,'2025-09-03 23:18:46.783788','PENDING','0f75abcd-3f77-49fd-ab1f-864b5d4ec62f'),(102,'2025-09-03 23:18:46.822245','CONFIRMED','0f75abcd-3f77-49fd-ab1f-864b5d4ec62f'),(103,'2025-09-03 23:21:44.656197','PENDING','dc51e889-5c8c-4f8d-904d-d8dc06021c5b'),(104,'2025-09-03 23:21:44.818132','CONFIRMED','dc51e889-5c8c-4f8d-904d-d8dc06021c5b'),(105,'2025-09-03 23:41:56.026417','PENDING','df8f416e-45c0-4bcf-b052-87d068daf47b'),(106,'2025-09-03 23:41:56.528382','CONFIRMED','df8f416e-45c0-4bcf-b052-87d068daf47b'),(107,'2025-09-04 00:20:46.314382','PENDING','2cc806b3-2043-447b-b669-8efee3ab936f'),(108,'2025-09-04 00:20:47.018692','CONFIRMED','2cc806b3-2043-447b-b669-8efee3ab936f'),(109,'2025-09-04 00:30:37.789653','PENDING','415bd946-3afb-40d7-bb22-4c4610894c09'),(110,'2025-09-04 00:30:38.320232','CANCELLED','415bd946-3afb-40d7-bb22-4c4610894c09'),(111,'2025-09-04 00:30:56.027756','PENDING','42f04dd4-c8e9-450f-837a-7a7f03403cd9'),(112,'2025-09-04 00:30:56.070431','CONFIRMED','42f04dd4-c8e9-450f-837a-7a7f03403cd9'),(113,'2025-09-04 00:34:29.093836','PENDING','4f3e11be-ed9b-4eef-9efa-e9149a282704'),(114,'2025-09-04 00:34:29.352222','CANCELLED','4f3e11be-ed9b-4eef-9efa-e9149a282704'),(115,'2025-09-04 00:34:41.476334','PENDING','b5b3715d-e64f-4a8f-b8dc-ddf1fb1989b7'),(116,'2025-09-04 00:34:41.684579','CANCELLED','b5b3715d-e64f-4a8f-b8dc-ddf1fb1989b7'),(117,'2025-09-04 00:35:06.773071','PENDING','febf3009-c99d-4b6f-bf78-a9c751f2dbd5'),(118,'2025-09-04 00:35:06.809300','CONFIRMED','febf3009-c99d-4b6f-bf78-a9c751f2dbd5'),(119,'2025-09-04 00:57:21.172829','CANCELLED','1679d723-d9be-4375-85b9-f33ddc8ef746'),(120,'2025-09-04 01:02:36.197774','CONFIRMED','febf3009-c99d-4b6f-bf78-a9c751f2dbd5'),(121,'2025-09-04 01:04:52.581147','CONFIRMED','1679d723-d9be-4375-85b9-f33ddc8ef746'),(122,'2025-09-04 01:14:00.318998','CANCELLED','1679d723-d9be-4375-85b9-f33ddc8ef746'),(123,'2025-09-04 01:14:08.962803','CONFIRMED','1679d723-d9be-4375-85b9-f33ddc8ef746'),(124,'2025-09-04 01:14:20.037889','CANCELLED','1679d723-d9be-4375-85b9-f33ddc8ef746'),(125,'2025-09-04 06:11:32.381015','PENDING','fe13a60a-075b-415b-b945-07c124e8dc8f'),(126,'2025-09-04 06:11:32.872019','CONFIRMED','fe13a60a-075b-415b-b945-07c124e8dc8f'),(127,'2025-09-04 06:27:15.912140','PENDING','f2e7bdc9-89ed-4aac-888e-d5b937bf6469'),(128,'2025-09-04 06:27:16.866236','CANCELLED','f2e7bdc9-89ed-4aac-888e-d5b937bf6469'),(129,'2025-09-04 06:27:37.335993','PENDING','50e6636f-9a63-43f6-b6fe-a26d136a056c'),(130,'2025-09-04 06:27:37.375268','CANCELLED','50e6636f-9a63-43f6-b6fe-a26d136a056c'),(131,'2025-09-04 06:27:49.041839','PENDING','da4ee225-bd3c-4c38-80f1-98dc547b83a0'),(132,'2025-09-04 06:27:49.097106','CANCELLED','da4ee225-bd3c-4c38-80f1-98dc547b83a0'),(133,'2025-09-04 06:28:01.788844','PENDING','fa84b838-103d-425e-95f9-93c9b63a841b'),(134,'2025-09-04 06:28:01.820209','CONFIRMED','fa84b838-103d-425e-95f9-93c9b63a841b'),(135,'2025-09-04 06:36:11.202791','PENDING','3445e521-0a2a-458a-97b3-afe3a22c55f1'),(136,'2025-09-04 06:36:12.037167','CONFIRMED','3445e521-0a2a-458a-97b3-afe3a22c55f1'),(137,'2025-09-04 06:38:23.005726','PENDING','42947152-54d9-441e-837c-0cbdedc13a06'),(138,'2025-09-04 06:38:23.090415','CANCELLED','42947152-54d9-441e-837c-0cbdedc13a06'),(139,'2025-09-04 06:38:41.124353','PENDING','2e0177d5-40c3-43e2-9217-6dabcc37ae62'),(140,'2025-09-04 06:38:41.176437','CONFIRMED','2e0177d5-40c3-43e2-9217-6dabcc37ae62'),(141,'2025-09-04 06:41:54.752181','PENDING','6b55f74a-8531-4d37-b492-e4463a70c07a'),(142,'2025-09-04 06:41:55.378460','CONFIRMED','6b55f74a-8531-4d37-b492-e4463a70c07a'),(143,'2025-09-04 07:05:56.907604','PENDING','ba139a87-44ab-4357-ac64-470cce63f9d6'),(144,'2025-09-04 07:05:57.549320','CONFIRMED','ba139a87-44ab-4357-ac64-470cce63f9d6'),(145,'2025-09-04 07:07:09.371831','PENDING','e33453b3-baf5-4f70-8698-3ffa2bb73a95'),(146,'2025-09-04 07:07:09.419618','CANCELLED','e33453b3-baf5-4f70-8698-3ffa2bb73a95'),(147,'2025-09-04 07:08:10.387586','PENDING','7aa1d458-1055-4a89-aadb-99247e6046f5'),(148,'2025-09-04 07:08:10.410697','CONFIRMED','7aa1d458-1055-4a89-aadb-99247e6046f5'),(149,'2025-09-04 07:08:36.291023','PENDING','5bbcf990-08ad-47f3-8a5b-8b6d0303bfa9'),(150,'2025-09-04 07:08:36.321009','CANCELLED','5bbcf990-08ad-47f3-8a5b-8b6d0303bfa9'),(151,'2025-09-04 07:16:35.744486','CANCELLED','1679d723-d9be-4375-85b9-f33ddc8ef746'),(152,'2025-09-04 07:21:36.372590','PENDING','7772b686-1f0c-44b0-93a2-2c7b970f2cfe'),(153,'2025-09-04 07:21:37.201266','CONFIRMED','7772b686-1f0c-44b0-93a2-2c7b970f2cfe'),(154,'2025-09-04 07:26:26.000876','PENDING','9ad98446-ef26-4a7f-a02f-2bfa4b0894b4'),(155,'2025-09-04 07:26:26.756626','CANCELLED','9ad98446-ef26-4a7f-a02f-2bfa4b0894b4'),(156,'2025-09-04 07:26:44.040299','PENDING','a1694941-e373-4b20-b27a-402071f4d499'),(157,'2025-09-04 07:26:44.081750','CONFIRMED','a1694941-e373-4b20-b27a-402071f4d499'),(158,'2025-09-04 07:39:53.947510','PENDING','817c988c-c04f-4712-932f-b58e252a72db'),(159,'2025-09-04 07:39:54.680550','CANCELLED','817c988c-c04f-4712-932f-b58e252a72db'),(160,'2025-09-04 07:48:36.478739','PENDING','a87dec67-0bc7-4e1f-a32d-f9bcb631c0ed'),(161,'2025-09-04 07:48:37.023829','CONFIRMED','a87dec67-0bc7-4e1f-a32d-f9bcb631c0ed'),(162,'2025-09-04 07:48:38.067807','CANCELLED','a87dec67-0bc7-4e1f-a32d-f9bcb631c0ed'),(163,'2025-09-04 08:22:48.547751','PENDING','26d32d8d-cf30-4402-b1fd-87d87fcab064'),(164,'2025-09-04 08:22:49.032018','CANCELLED','26d32d8d-cf30-4402-b1fd-87d87fcab064'),(165,'2025-09-04 08:27:57.285414','CONFIRMED','a87dec67-0bc7-4e1f-a32d-f9bcb631c0ed'),(166,'2025-09-04 08:30:07.902859','PENDING','ac6f4882-9a5d-43af-896f-db7e42b272e5'),(167,'2025-09-04 08:30:08.312723','CONFIRMED','ac6f4882-9a5d-43af-896f-db7e42b272e5'),(168,'2025-09-04 08:36:41.381883','CANCELLED','2e0177d5-40c3-43e2-9217-6dabcc37ae62'),(169,'2025-09-04 08:38:56.975078','PENDING','a31db5e1-0f1e-4bed-b3fc-722a002b007b'),(170,'2025-09-04 08:38:57.369566','CANCELLED','a31db5e1-0f1e-4bed-b3fc-722a002b007b'),(171,'2025-09-04 08:52:41.535115','PENDING','1cc61f10-fce9-49b5-bada-c1e69441211d'),(172,'2025-09-04 08:52:42.019582','CONFIRMED','1cc61f10-fce9-49b5-bada-c1e69441211d'),(173,'2025-09-04 09:30:59.023637','PENDING','7b350b31-621e-4406-8f6a-483a208ce484'),(174,'2025-09-04 09:30:59.457544','CANCELLED','7b350b31-621e-4406-8f6a-483a208ce484'),(175,'2025-09-04 09:31:22.131784','PENDING','1a1e1cce-92e8-477f-86b3-e12e892eb3f5'),(176,'2025-09-04 09:31:22.520065','CONFIRMED','1a1e1cce-92e8-477f-86b3-e12e892eb3f5'),(177,'2025-09-04 09:31:22.785498','CANCELLED','1a1e1cce-92e8-477f-86b3-e12e892eb3f5'),(178,'2025-09-04 13:45:54.364049','PENDING','8c2a6c31-7143-4678-8555-118a6756f03a'),(179,'2025-09-04 13:45:57.360114','CANCELLED','8c2a6c31-7143-4678-8555-118a6756f03a'),(180,'2025-09-04 13:48:25.847671','PENDING','8d891b3b-017a-4a62-b68a-e9db33117ed5'),(181,'2025-09-04 13:48:26.090046','CANCELLED','8d891b3b-017a-4a62-b68a-e9db33117ed5'),(182,'2025-09-04 13:55:25.553822','CANCELLED','1679d723-d9be-4375-85b9-f33ddc8ef746'),(183,'2025-09-04 15:53:29.153192','PENDING','854f143f-599b-48d9-8351-10bee38e974d'),(184,'2025-09-04 15:53:30.374359','CANCELLED','854f143f-599b-48d9-8351-10bee38e974d'),(185,'2025-09-04 15:54:41.905940','PENDING','3e9685f8-1b4d-406c-8a3b-ea3c9a7f90ae'),(186,'2025-09-04 15:54:41.935469','CONFIRMED','3e9685f8-1b4d-406c-8a3b-ea3c9a7f90ae'),(227,'2025-09-04 16:24:11.487414','CONFIRMED','ba139a87-44ab-4357-ac64-470cce63f9d6'),(228,'2025-09-04 16:28:25.938009','CONFIRMED','3445e521-0a2a-458a-97b3-afe3a22c55f1'),(229,'2025-09-04 16:29:14.012728','DELIVERED','3445e521-0a2a-458a-97b3-afe3a22c55f1'),(240,'2025-09-04 16:44:30.325293','DELIVERED','3445e521-0a2a-458a-97b3-afe3a22c55f1'),(241,'2025-09-04 16:45:00.602265','DELIVERED','3445e521-0a2a-458a-97b3-afe3a22c55f1'),(242,'2025-09-04 16:45:59.509571','DELIVERED','3445e521-0a2a-458a-97b3-afe3a22c55f1'),(243,'2025-09-04 16:46:49.627983','DELIVERED','1679d723-d9be-4375-85b9-f33ddc8ef746'),(244,'2025-09-04 16:46:59.707514','CONFIRMED','1679d723-d9be-4375-85b9-f33ddc8ef746'),(245,'2025-09-04 16:49:32.660606','IN_ROUTE','1679d723-d9be-4375-85b9-f33ddc8ef746'),(246,'2025-09-04 17:14:24.550944','QUEUED','6ac05485-38b3-4fec-ba2e-7d907ef69b40'),(247,'2025-09-04 17:14:25.523100','CANCELLED','6ac05485-38b3-4fec-ba2e-7d907ef69b40'),(248,'2025-09-04 18:28:09.658116','QUEUED','d4236370-5c97-4c6e-838b-904f53262e21'),(249,'2025-09-04 18:28:10.410228','CONFIRMED','d4236370-5c97-4c6e-838b-904f53262e21'),(250,'2025-09-04 18:30:51.965712','QUEUED','0a125225-e84b-4ff7-a493-180236c0124b'),(251,'2025-09-04 18:30:52.488873','CONFIRMED','0a125225-e84b-4ff7-a493-180236c0124b'),(252,'2025-09-04 18:41:39.034111','QUEUED','86f2a730-d2d9-4274-8b81-66221fffe2ed'),(253,'2025-09-04 18:41:39.635895','CANCELLED','86f2a730-d2d9-4274-8b81-66221fffe2ed'),(254,'2025-09-04 18:46:50.261474','QUEUED','62a5fcbc-f9ef-4583-ad01-57c87b966255'),(255,'2025-09-04 18:46:51.373028','CONFIRMED','62a5fcbc-f9ef-4583-ad01-57c87b966255'),(256,'2025-09-04 18:46:53.039000','CANCELLED','62a5fcbc-f9ef-4583-ad01-57c87b966255'),(257,'2025-09-04 18:54:17.764678','QUEUED','2e723338-5173-4a8b-82f2-11906bd776ae'),(258,'2025-09-04 18:54:18.746493','CONFIRMED','2e723338-5173-4a8b-82f2-11906bd776ae'),(259,'2025-09-04 18:54:19.452874','CANCELLED','2e723338-5173-4a8b-82f2-11906bd776ae'),(260,'2025-09-04 19:05:33.729684','QUEUED','91761c6f-60b1-427c-aa4c-0b088565ad7b'),(261,'2025-09-04 19:05:35.116014','CONFIRMED','91761c6f-60b1-427c-aa4c-0b088565ad7b'),(262,'2025-09-04 19:12:34.534104','QUEUED','89681fa5-eb03-4463-905b-27714279c08f'),(263,'2025-09-04 19:12:35.199747','CONFIRMED','89681fa5-eb03-4463-905b-27714279c08f'),(264,'2025-09-04 19:13:25.666088','QUEUED','30903b40-b5f5-4515-a210-cd67c941908a'),(265,'2025-09-04 19:13:25.744540','CANCELLED','30903b40-b5f5-4515-a210-cd67c941908a'),(266,'2025-09-04 19:25:49.483591','QUEUED','9b8a4cb8-0ea7-4b2c-ad6c-b9ee83adb636'),(267,'2025-09-04 19:25:50.442671','CONFIRMED','9b8a4cb8-0ea7-4b2c-ad6c-b9ee83adb636'),(268,'2025-09-04 19:27:12.592712','QUEUED','c7599026-c690-4428-bdc7-fc82f0de2d16'),(269,'2025-09-04 19:27:12.686193','CONFIRMED','c7599026-c690-4428-bdc7-fc82f0de2d16'),(270,'2025-09-04 19:27:12.767960','CANCELLED','c7599026-c690-4428-bdc7-fc82f0de2d16'),(271,'2025-09-04 19:41:21.207220','QUEUED','50e24f15-b92e-4ea3-beb7-bc026447dd0b'),(272,'2025-09-04 19:41:21.557973','CONFIRMED','50e24f15-b92e-4ea3-beb7-bc026447dd0b'),(273,'2025-09-04 20:00:15.872057','QUEUED','b263413c-d9de-48a4-a273-e95749d1339d'),(274,'2025-09-04 20:00:16.256823','CANCELLED','b263413c-d9de-48a4-a273-e95749d1339d'),(275,'2025-09-04 20:03:19.268475','QUEUED','5b1ef945-e9cd-4826-90f3-356fe47626d9'),(276,'2025-09-04 20:03:19.327808','CONFIRMED','5b1ef945-e9cd-4826-90f3-356fe47626d9'),(277,'2025-09-04 20:04:42.403215','QUEUED','c15fbe9d-9c76-401d-b559-c49c7235397b'),(278,'2025-09-04 20:04:42.447709','CANCELLED','c15fbe9d-9c76-401d-b559-c49c7235397b'),(279,'2025-09-04 20:05:38.909210','QUEUED','c3b58e3d-3137-493a-95a5-f2c0f880ea5a'),(280,'2025-09-04 20:05:38.960501','CANCELLED','c3b58e3d-3137-493a-95a5-f2c0f880ea5a'),(281,'2025-09-04 20:05:47.260437','QUEUED','016f1266-dcfb-4136-94f3-2eb9bc1febb4'),(282,'2025-09-04 20:05:47.315981','CONFIRMED','016f1266-dcfb-4136-94f3-2eb9bc1febb4'),(283,'2025-09-04 20:06:02.676492','QUEUED','32c8347e-e5c3-4686-8c01-441b1c350469'),(284,'2025-09-04 20:06:02.708636','CONFIRMED','32c8347e-e5c3-4686-8c01-441b1c350469'),(285,'2025-09-04 20:08:35.694022','QUEUED','1a79a760-46b3-49b0-904f-1b19f41e3c0c'),(286,'2025-09-04 20:08:35.800560','CANCELLED','1a79a760-46b3-49b0-904f-1b19f41e3c0c'),(287,'2025-09-04 20:08:35.845966','CANCELLED','1a79a760-46b3-49b0-904f-1b19f41e3c0c'),(288,'2025-09-04 20:09:19.550920','QUEUED','d776c46b-750f-4f92-b9de-e6fa2774de76'),(289,'2025-09-04 20:09:19.580650','CANCELLED','d776c46b-750f-4f92-b9de-e6fa2774de76'),(290,'2025-09-04 20:09:19.586022','CANCELLED','d776c46b-750f-4f92-b9de-e6fa2774de76'),(291,'2025-09-04 20:09:27.458111','QUEUED','a3e6aff3-7f68-4102-a084-b4f3991be7fb'),(293,'2025-09-04 20:09:27.489981','CANCELLED','a3e6aff3-7f68-4102-a084-b4f3991be7fb'),(294,'2025-09-04 20:10:33.616855','QUEUED','b13e4111-ac2a-4262-b74e-83c4d8c185ed'),(295,'2025-09-04 20:10:33.636246','CONFIRMED','b13e4111-ac2a-4262-b74e-83c4d8c185ed'),(296,'2025-09-04 20:11:12.524681','QUEUED','a220c31d-9f1d-4973-9e98-41b50d86403d'),(297,'2025-09-04 20:11:12.558805','CANCELLED','a220c31d-9f1d-4973-9e98-41b50d86403d'),(298,'2025-09-04 20:11:12.564014','CANCELLED','a220c31d-9f1d-4973-9e98-41b50d86403d'),(299,'2025-09-04 20:23:35.528323','QUEUED','4cbd6118-7347-41db-8e06-0d5b2a8fedc8'),(300,'2025-09-04 20:23:36.082106','CANCELLED','4cbd6118-7347-41db-8e06-0d5b2a8fedc8'),(301,'2025-09-04 20:27:40.780836','QUEUED','5a2272e0-61fa-4aee-8a4b-9b862881a250'),(302,'2025-09-04 20:27:41.700924','CANCELLED','5a2272e0-61fa-4aee-8a4b-9b862881a250'),(303,'2025-09-04 20:28:01.826551','QUEUED','cf4cb98a-8364-4559-bcca-e14a8cd9ca2a'),(304,'2025-09-04 20:28:01.847045','CANCELLED','cf4cb98a-8364-4559-bcca-e14a8cd9ca2a'),(305,'2025-09-04 20:28:19.717391','QUEUED','79d12503-d83f-461b-8a44-cb2fedb15813'),(306,'2025-09-04 20:28:19.746551','CANCELLED','79d12503-d83f-461b-8a44-cb2fedb15813'),(307,'2025-09-04 20:30:22.900753','QUEUED','5a975a0b-14da-4984-9bcc-d574f18b6053'),(308,'2025-09-04 20:31:03.958306','QUEUED','b8a4067a-3c08-40e2-b79d-3395ddd90160'),(309,'2025-09-04 20:31:04.055108','CANCELLED','b8a4067a-3c08-40e2-b79d-3395ddd90160'),(310,'2025-09-04 20:43:47.190283','QUEUED','7f733494-8d8c-407d-9ec0-036b3c7f0d9d'),(311,'2025-09-04 20:43:49.178495','CANCELLED','7f733494-8d8c-407d-9ec0-036b3c7f0d9d'),(312,'2025-09-04 20:44:44.917117','QUEUED','9a4d3c27-727b-4bbb-9175-9fc75fccf9d0'),(313,'2025-09-04 20:44:44.948493','CANCELLED','9a4d3c27-727b-4bbb-9175-9fc75fccf9d0'),(314,'2025-09-04 20:45:49.375016','QUEUED','471050bf-ded2-44fb-8ddf-43114f444d8a'),(315,'2025-09-04 20:45:49.443138','CANCELLED','471050bf-ded2-44fb-8ddf-43114f444d8a'),(316,'2025-09-04 20:45:56.747176','QUEUED','d5844580-ffe4-4b8c-a4fd-31cc3ad0d0da'),(317,'2025-09-04 20:46:20.139061','QUEUED','c15b4b57-a345-4410-95ca-549934858e12'),(318,'2025-09-04 20:46:39.486489','QUEUED','02ab7000-7685-4d3f-a1ff-ccc8436f42a7'),(319,'2025-09-04 20:48:02.654771','CONFIRMED','5a975a0b-14da-4984-9bcc-d574f18b6053'),(320,'2025-09-04 20:48:03.017910','CONFIRMED','d5844580-ffe4-4b8c-a4fd-31cc3ad0d0da'),(321,'2025-09-04 20:48:03.044155','CONFIRMED','c15b4b57-a345-4410-95ca-549934858e12'),(322,'2025-09-04 20:48:03.066246','CONFIRMED','02ab7000-7685-4d3f-a1ff-ccc8436f42a7'),(323,'2025-09-04 21:36:20.120234','DELIVERED','1679d723-d9be-4375-85b9-f33ddc8ef746'),(324,'2025-09-04 21:36:51.652392','IN_ROUTE','32c8347e-e5c3-4686-8c01-441b1c350469'),(325,'2025-09-04 21:37:01.527394','QUEUED','32c8347e-e5c3-4686-8c01-441b1c350469'),(326,'2025-09-04 21:37:08.219302','IN_ROUTE','32c8347e-e5c3-4686-8c01-441b1c350469'),(327,'2025-09-04 21:37:15.494428','IN_ROUTE','c15b4b57-a345-4410-95ca-549934858e12'),(328,'2025-09-04 21:37:44.606362','QUEUED','3d32687a-e62c-45ab-9ff1-ca1c49e04a95'),(329,'2025-09-04 21:37:45.063378','CONFIRMED','3d32687a-e62c-45ab-9ff1-ca1c49e04a95'),(330,'2025-09-04 21:43:15.725074','QUEUED','bfb6007a-1c40-436a-8010-2ebfcd26b4aa'),(331,'2025-09-04 21:43:16.137242','CANCELLED','bfb6007a-1c40-436a-8010-2ebfcd26b4aa'),(332,'2025-09-04 23:25:38.840433','QUEUED','beee0ed4-c24c-42ae-98a3-4a6d81948fa9'),(333,'2025-09-04 23:25:39.854525','CONFIRMED','beee0ed4-c24c-42ae-98a3-4a6d81948fa9'),(334,'2025-09-04 23:26:16.184336','QUEUED','1b5babca-21b8-4459-9806-7d16ebef1bdd'),(335,'2025-09-04 23:26:16.473290','CONFIRMED','1b5babca-21b8-4459-9806-7d16ebef1bdd'),(336,'2025-09-04 23:26:38.329282','QUEUED','2b84667a-5fee-4a51-a4b8-bc6b0232bbf1'),(337,'2025-09-04 23:26:38.528870','CANCELLED','2b84667a-5fee-4a51-a4b8-bc6b0232bbf1'),(338,'2025-09-04 23:27:40.085441','QUEUED','6e20bb96-1dfa-44f1-8de5-9bea82bed69d'),(339,'2025-09-04 23:27:40.129227','CONFIRMED','6e20bb96-1dfa-44f1-8de5-9bea82bed69d'),(340,'2025-09-04 23:28:28.901038','QUEUED','f18398a4-d517-448f-b33d-7515fd6c5690'),(341,'2025-09-04 23:28:28.944342','CONFIRMED','f18398a4-d517-448f-b33d-7515fd6c5690'),(342,'2025-09-04 23:28:57.690929','QUEUED','2f4faa9a-ef06-4618-ab56-630bc5e30fec'),(343,'2025-09-04 23:28:57.760468','CANCELLED','2f4faa9a-ef06-4618-ab56-630bc5e30fec'),(344,'2025-09-04 23:28:57.873555','CANCELLED','2f4faa9a-ef06-4618-ab56-630bc5e30fec'),(345,'2025-09-04 23:30:57.405737','FAILED','f18398a4-d517-448f-b33d-7515fd6c5690');
/*!40000 ALTER TABLE `order_status_history` ENABLE KEYS */;
UNLOCK TABLES;

--
-- Table structure for table `orders`
--

DROP TABLE IF EXISTS `orders`;
/*!40101 SET @saved_cs_client     = @@character_set_client */;
/*!50503 SET character_set_client = utf8mb4 */;
CREATE TABLE `orders` (
  `id` varchar(255) NOT NULL,
  `address` varchar(255) NOT NULL,
  `user_id` varchar(255) NOT NULL,
  `status` varchar(50) NOT NULL,
  `created_at` datetime(6) DEFAULT NULL,
  `order_no` bigint NOT NULL,
  PRIMARY KEY (`id`)
) ENGINE=InnoDB DEFAULT CHARSET=utf8mb4 COLLATE=utf8mb4_0900_ai_ci;
/*!40101 SET character_set_client = @saved_cs_client */;

--
-- Dumping data for table `orders`
--

LOCK TABLES `orders` WRITE;
/*!40000 ALTER TABLE `orders` DISABLE KEYS */;
INSERT INTO `orders` VALUES ('016f1266-dcfb-4136-94f3-2eb9bc1febb4','s','Dasha','CONFIRMED','2025-09-04 20:05:47.250190',97),('02ab7000-7685-4d3f-a1ff-ccc8436f42a7','ndjfhdjkfhkdjf st. 11','user1','CONFIRMED','2025-09-04 20:46:39.479478',115),('03e735e0-4bb5-4ec9-b35d-7ec25c57c856','Pushkin street, 118','Dasha','CONFIRMED','2025-09-03 19:44:41.815620',14),('0406b145-ddac-427f-9cb7-b1363723ad95','!!!!!!!!!!!!!!!!!!, 118','Dasha','CONFIRMED','2025-09-03 19:47:10.704843',15),('062a4295-b04d-4373-80e8-3fecdc3d5051','Pushkin street, 118','user1','CANCELLED','2025-09-03 17:45:12.352989',9),('0a125225-e84b-4ff7-a493-180236c0124b','Tijhkjhkjh st. 11','user1','CONFIRMED','2025-09-04 18:30:51.882589',83),('0d10fe3d-6072-436a-ad30-4af2e002ff13','Pushkin street, 118','user1','PENDING','2025-09-03 14:21:50.574110',5),('0f75abcd-3f77-49fd-ab1f-864b5d4ec62f','Nevada , 100','user1','CONFIRMED','2025-09-03 23:18:46.770841',44),('1679d723-d9be-4375-85b9-f33ddc8ef746','Pushkin street, 118','user1','DELIVERED','2025-09-03 16:33:36.629125',6),('16c8d97d-513d-443d-ba83-2a13c86b2f4c','Pushkin street, 118','user1','CANCELLED','2025-09-03 17:44:45.917402',7),('1a1e1cce-92e8-477f-86b3-e12e892eb3f5','Telavi New boulevard 11','Dasha','CANCELLED','2025-09-04 09:31:22.033720',76),('1a5efed2-a67d-4899-b178-5f514230d556','ss','Dasha','CANCELLED','2025-09-03 22:03:57.212271',30),('1a79a760-46b3-49b0-904f-1b19f41e3c0c','ss','Dasha','CANCELLED','2025-09-04 20:08:35.679987',99),('1b5babca-21b8-4459-9806-7d16ebef1bdd','ndjfhdjkfhkdjf st. 11','user1','CONFIRMED','2025-09-04 23:26:16.168943',119),('1cc61f10-fce9-49b5-bada-c1e69441211d','Tiflis','Dasha','CONFIRMED','2025-09-04 08:52:41.468766',74),('201af771-fa7d-4f2e-8ab7-4eb09d882f45','Texas , 120','user1','CONFIRMED','2025-09-03 22:00:39.045392',28),('26d32d8d-cf30-4402-b1fd-87d87fcab064','ss','Dasha','CANCELLED','2025-09-04 08:22:48.489896',71),('2b84667a-5fee-4a51-a4b8-bc6b0232bbf1','ndjfhdjkfhkdjf st. 11','user1','CANCELLED','2025-09-04 23:26:38.318687',120),('2cc806b3-2043-447b-b669-8efee3ab936f','Nevada , 100','user1','CONFIRMED','2025-09-04 00:20:46.135921',47),('2e0177d5-40c3-43e2-9217-6dabcc37ae62','Some address','user1','CANCELLED','2025-09-04 06:38:41.103909',60),('2e723338-5173-4a8b-82f2-11906bd776ae','22222 st. 11','user1','CANCELLED','2025-09-04 18:54:17.592772',86),('2eaf93df-9eb3-4db6-8963-0cfea214c578','','user1','CANCELLED','2025-09-03 21:53:11.150563',26),('2f4faa9a-ef06-4618-ab56-630bc5e30fec','ndjfhdjkfhkdjf st. 11','user1','CANCELLED','2025-09-04 23:28:57.675845',123),('30903b40-b5f5-4515-a210-cd67c941908a','rrr','Dasha','CANCELLED','2025-09-04 19:13:25.658960',89),('31217735-2c87-49ec-a5f9-6f512fb779a5','Montana , 12','user1','CONFIRMED','2025-09-03 22:28:08.497096',39),('32c8347e-e5c3-4686-8c01-441b1c350469','s','Dasha','IN_ROUTE','2025-09-04 20:06:02.669496',98),('3445e521-0a2a-458a-97b3-afe3a22c55f1','Some address','user1','DELIVERED','2025-09-04 06:36:11.005792',58),('3c7ac538-0104-49a8-9129-b70659b46db3','SOuth park , 100','user1','CANCELLED','2025-09-03 23:18:29.041974',43),('3d32687a-e62c-45ab-9ff1-ca1c49e04a95','tbi','Dasha','CONFIRMED','2025-09-04 21:37:44.544817',116),('3dd790c0-57a8-486a-8111-b40495497e0a','Batumi boulevard , 118','user1','CONFIRMED','2025-09-03 21:23:16.724606',19),('3e9685f8-1b4d-406c-8a3b-ea3c9a7f90ae','telavi','Dasha','CONFIRMED','2025-09-04 15:54:41.892941',80),('415bd946-3afb-40d7-bb22-4c4610894c09','Nevada , 100','user1','CANCELLED','2025-09-04 00:30:37.617971',48),('42947152-54d9-441e-837c-0cbdedc13a06','Some address','user1','CANCELLED','2025-09-04 06:38:22.995694',59),('42f04dd4-c8e9-450f-837a-7a7f03403cd9','Tbilisi , 100','user1','CONFIRMED','2025-09-04 00:30:56.007754',49),('471050bf-ded2-44fb-8ddf-43114f444d8a','111111111 st. 11','user1','CANCELLED','2025-09-04 20:45:49.367016',112),('4a333d45-0b5d-416c-a72a-24605b050fca','Pushkin street, 118','user1','CANCELLED','2025-09-03 17:45:18.573693',10),('4cbd6118-7347-41db-8e06-0d5b2a8fedc8','222333322 st. 11','user1','CANCELLED','2025-09-04 20:23:35.496073',104),('4f3e11be-ed9b-4eef-9efa-e9149a282704','Pasadena , 100','user1','CANCELLED','2025-09-04 00:34:28.933765',50),('50e24f15-b92e-4ea3-beb7-bc026447dd0b','wedfgh','Dasha','CONFIRMED','2025-09-04 19:41:21.129263',92),('50e6636f-9a63-43f6-b6fe-a26d136a056c','Batumi, Rustaveli , 8','user1','CANCELLED','2025-09-04 06:27:37.327986',55),('59bb518f-963c-4009-84ea-e24bd35efc8d',' , 118','user1','CANCELLED','2025-09-03 21:00:41.019029',16),('5a2272e0-61fa-4aee-8a4b-9b862881a250','wwww','Dasha','CANCELLED','2025-09-04 20:27:40.689930',105),('5a975a0b-14da-4984-9bcc-d574f18b6053','fy','Dasha','CONFIRMED','2025-09-04 20:30:22.893563',108),('5b1ef945-e9cd-4826-90f3-356fe47626d9','s','Dasha','CONFIRMED','2025-09-04 20:03:19.251478',94),('5bbcf990-08ad-47f3-8a5b-8b6d0303bfa9','oo','Dasha','CANCELLED','2025-09-04 07:08:36.285026',65),('62a5fcbc-f9ef-4583-ad01-57c87b966255','111111 st. 11','user1','CANCELLED','2025-09-04 18:46:50.109667',85),('65e666cf-feed-4d22-9077-763a4070196d','Texas , 118','user1','CONFIRMED','2025-09-03 21:57:30.495022',27),('69cb990b-3098-46e4-a934-b9b2ef0deb81','Batumi boulevard , 118','user1','CONFIRMED','2025-09-03 21:24:55.121901',20),('6ac05485-38b3-4fec-ba2e-7d907ef69b40','Tinatin st. 11','user1','CANCELLED','2025-09-04 17:14:24.335777',81),('6b55f74a-8531-4d37-b492-e4463a70c07a','New address','user1','CONFIRMED','2025-09-04 06:41:54.566037',61),('6e20bb96-1dfa-44f1-8de5-9bea82bed69d','ndjfhdjkfhkdjf st. 11','user1','CONFIRMED','2025-09-04 23:27:40.076444',121),('7719a95d-23ec-4457-9a2a-ba952cef1a4b','SOuth park , 100','user1','CONFIRMED','2025-09-03 23:14:47.300355',42),('7772b686-1f0c-44b0-93a2-2c7b970f2cfe','Batumi New address 11','Dasha','CONFIRMED','2025-09-04 07:21:36.187533',66),('79d12503-d83f-461b-8a44-cb2fedb15813','iii','Dasha','CANCELLED','2025-09-04 20:28:19.710391',107),('7aa1d458-1055-4a89-aadb-99247e6046f5','oo','Dasha','CONFIRMED','2025-09-04 07:08:10.377043',64),('7b350b31-621e-4406-8f6a-483a208ce484','Tbilisi New boulevard 11','Dasha','CANCELLED','2025-09-04 09:30:58.954637',75),('7f733494-8d8c-407d-9ec0-036b3c7f0d9d','222333322 st. 11','user1','CANCELLED','2025-09-04 20:43:46.920831',110),('817c988c-c04f-4712-932f-b58e252a72db','','Dasha','CANCELLED','2025-09-04 07:39:53.760217',69),('826abb18-fb2e-4b0a-9728-a91222a2a379','Batumi boulevard , 118','user1','CONFIRMED','2025-09-03 21:38:24.131904',24),('854f143f-599b-48d9-8351-10bee38e974d','','Dasha','CANCELLED','2025-09-04 15:53:28.562739',79),('85d05638-e24b-45d5-a707-0c2ddb9699f4','Pushkin street, 118','Dasha','PENDING','2025-09-03 19:34:39.843237',13),('8685c706-1190-433a-b44d-0d7577d7b16d','new mew , 118','user1','CANCELLED','2025-09-03 21:52:37.866082',25),('86f2a730-d2d9-4274-8b81-66221fffe2ed','iiii','Dasha','CANCELLED','2025-09-04 18:41:38.955602',84),('89681fa5-eb03-4463-905b-27714279c08f','222333322 st. 11','user1','CONFIRMED','2025-09-04 19:12:34.387481',88),('898e8050-a2c9-4f8b-9e2c-e630d3e655c8','jdfhkjdfhdjkf , 12','user1','CONFIRMED','2025-09-03 22:44:18.697375',40),('8bc4db54-0565-49a4-bd7c-490f5f613015','Pushkin street, 118','user1','CANCELLED','2025-09-03 17:56:44.381790',11),('8c2a6c31-7143-4678-8555-118a6756f03a','Telavi Mimimo st. 11','user1','CANCELLED','2025-09-04 13:45:53.838568',77),('8d891b3b-017a-4a62-b68a-e9db33117ed5','Tttt st. 11','user1','CANCELLED','2025-09-04 13:48:25.745907',78),('8e05e013-4b6a-49b1-86ae-f498a47476fc','s','Dasha','CONFIRMED','2025-09-03 22:06:16.430043',31),('8f39855f-7315-4852-be15-f67da7c033c0','vitebsk','Dasha','CANCELLED','2025-09-03 22:02:12.162754',29),('91761c6f-60b1-427c-aa4c-0b088565ad7b','22222 st. 11','user1','CONFIRMED','2025-09-04 19:05:33.487919',87),('9a4d3c27-727b-4bbb-9175-9fc75fccf9d0','111111111 st. 11','user1','CANCELLED','2025-09-04 20:44:44.908111',111),('9ad98446-ef26-4a7f-a02f-2bfa4b0894b4','Batumi New address 11','Dasha','CANCELLED','2025-09-04 07:26:25.870561',67),('9b8a4cb8-0ea7-4b2c-ad6c-b9ee83adb636','222333322 st. 11','user1','CONFIRMED','2025-09-04 19:25:49.017630',90),('9e15fec3-7f1f-4362-8459-52c33bf331ac',' , 118','user1','CONFIRMED','2025-09-03 21:14:28.525291',17),('a1694941-e373-4b20-b27a-402071f4d499','Batumi New boulevard 11','Dasha','CONFIRMED','2025-09-04 07:26:44.027350',68),('a18f8301-785e-4640-ae10-68fe2d342ff8','Montana , 12','user1','CONFIRMED','2025-09-03 22:18:42.847273',38),('a220c31d-9f1d-4973-9e98-41b50d86403d','iii','Dasha','CANCELLED','2025-09-04 20:11:12.518625',103),('a31db5e1-0f1e-4bed-b3fc-722a002b007b','Tbilisi New','Dasha','CANCELLED','2025-09-04 08:38:56.943073',73),('a3e6aff3-7f68-4102-a084-b4f3991be7fb','ss','Dasha','CANCELLED','2025-09-04 20:09:27.451362',101),('a87dec67-0bc7-4e1f-a32d-f9bcb631c0ed','Tbilisi New boulevard 11','Dasha','CONFIRMED','2025-09-04 07:48:36.374760',70),('ac6f4882-9a5d-43af-896f-db7e42b272e5','ss','Dasha','CONFIRMED','2025-09-04 08:30:07.887185',72),('b13e4111-ac2a-4262-b74e-83c4d8c185ed','wwww','Dasha','CONFIRMED','2025-09-04 20:10:33.609786',102),('b263413c-d9de-48a4-a273-e95749d1339d','wedfgh','Dasha','CANCELLED','2025-09-04 20:00:15.794758',93),('b3da520a-176c-4c86-9d60-ba0a2f7dd963','Montana , 120','user1','CONFIRMED','2025-09-03 22:10:29.221796',33),('b5b3715d-e64f-4a8f-b8dc-ddf1fb1989b7','Pasadena , 100','user1','CANCELLED','2025-09-04 00:34:41.466252',51),('b8a4067a-3c08-40e2-b79d-3395ddd90160','55kk','Dasha','CANCELLED','2025-09-04 20:31:03.951272',109),('ba139a87-44ab-4357-ac64-470cce63f9d6','homel','Dasha','CONFIRMED','2025-09-04 07:05:56.782177',62),('bb394f67-a3fa-4302-94c5-0c9950a265cd','','user1','CONFIRMED','2025-09-03 21:14:35.261369',18),('bbbd7174-d86f-4648-9937-7cf0f7459220','Montana , 12','user1','CANCELLED','2025-09-03 22:16:27.639409',37),('beee0ed4-c24c-42ae-98a3-4a6d81948fa9','ndjfhdjkfhkdjf st. 11','user1','CONFIRMED','2025-09-04 23:25:38.428636',118),('bfb6007a-1c40-436a-8010-2ebfcd26b4aa','Tbilisi New','Dasha','CANCELLED','2025-09-04 21:43:15.528789',117),('c15b4b57-a345-4410-95ca-549934858e12','ndjfhdjkfhkdjf st. 11','user1','IN_ROUTE','2025-09-04 20:46:20.127939',114),('c15fbe9d-9c76-401d-b559-c49c7235397b','s','Dasha','CANCELLED','2025-09-04 20:04:42.392356',95),('c3b58e3d-3137-493a-95a5-f2c0f880ea5a','s','Dasha','CANCELLED','2025-09-04 20:05:38.903071',96),('c5e39b7a-f522-4077-8fa5-e4d08a48633e','Pushkin street, 118','Dasha','CANCELLED','2025-09-03 19:05:47.563595',12),('c7599026-c690-4428-bdc7-fc82f0de2d16','yyyyuu','Dasha','CANCELLED','2025-09-04 19:27:12.575443',91),('ca3640a6-43f0-46e5-971b-5c53a6755a6b','ssaa','Dasha','CANCELLED','2025-09-03 22:13:00.146166',35),('cb883613-bf7c-4e69-af53-d0827ae2b15a','SOuth park , 12','user1','CANCELLED','2025-09-03 23:13:52.725738',41),('cf4cb98a-8364-4559-bcca-e14a8cd9ca2a','iii','Dasha','CANCELLED','2025-09-04 20:28:01.818548',106),('d0db23e0-bfcd-4d44-a009-1d68b8dc177f','Batumi boulevard , 118','user1','CONFIRMED','2025-09-03 21:28:10.837207',21),('d4236370-5c97-4c6e-838b-904f53262e21','iiii','Dasha','CONFIRMED','2025-09-04 18:28:09.523529',82),('d5844580-ffe4-4b8c-a4fd-31cc3ad0d0da','111111111 st. 11','user1','CONFIRMED','2025-09-04 20:45:56.737572',113),('d71b5f02-c06c-4acf-9a79-9f8e11ed69ed','Montana , 111','user1','CONFIRMED','2025-09-03 22:12:23.319133',34),('d776c46b-750f-4f92-b9de-e6fa2774de76','ss','Dasha','CANCELLED','2025-09-04 20:09:19.525713',100),('da4ee225-bd3c-4c38-80f1-98dc547b83a0','Batumi, Rustaveli ,12','user1','CANCELLED','2025-09-04 06:27:49.031791',56),('dc51e889-5c8c-4f8d-904d-d8dc06021c5b','Nevada , 100','user1','CONFIRMED','2025-09-03 23:21:44.623245',45),('df8f416e-45c0-4bcf-b052-87d068daf47b','eee','Dasha','CONFIRMED','2025-09-03 23:41:55.984208',46),('e33453b3-baf5-4f70-8698-3ffa2bb73a95','e','Dasha','CANCELLED','2025-09-04 07:07:09.364447',63),('e52cbf18-fea2-4239-af38-2f9c5b00546f','Montana , 10','user1','CONFIRMED','2025-09-03 22:14:33.291369',36),('e6b45525-035d-4da5-9d51-ffd8307fe49e','','user1','CANCELLED','2025-09-03 21:38:06.926169',22),('f18398a4-d517-448f-b33d-7515fd6c5690','ndjfhdjkfhkdjf st. 11','user1','FAILED','2025-09-04 23:28:28.872269',122),('f2e7bdc9-89ed-4aac-888e-d5b937bf6469','Batumi, Rustaveli , 8','user1','CANCELLED','2025-09-04 06:27:15.658315',54),('fa84b838-103d-425e-95f9-93c9b63a841b','Some address','user1','CONFIRMED','2025-09-04 06:28:01.778006',57),('fe13a60a-075b-415b-b945-07c124e8dc8f','Batumi, Shartava , 8','user1','CONFIRMED','2025-09-04 06:11:32.326720',53),('feb9a5a8-615d-4172-96c0-6a07001de6e4','s','Dasha','CANCELLED','2025-09-03 22:09:03.887234',32),('febf3009-c99d-4b6f-bf78-a9c751f2dbd5','Batumi, Shartava , 8','user1','CONFIRMED','2025-09-04 00:35:06.762284',52);
/*!40000 ALTER TABLE `orders` ENABLE KEYS */;
UNLOCK TABLES;

--
-- Current Database: `inventory_db`
--

CREATE DATABASE /*!32312 IF NOT EXISTS*/ `inventory_db` /*!40100 DEFAULT CHARACTER SET utf8mb4 COLLATE utf8mb4_0900_ai_ci */ /*!80016 DEFAULT ENCRYPTION='N' */;

USE `inventory_db`;

--
-- Table structure for table `inventory`
--

DROP TABLE IF EXISTS `inventory`;
/*!40101 SET @saved_cs_client     = @@character_set_client */;
/*!50503 SET character_set_client = utf8mb4 */;
CREATE TABLE `inventory` (
  `size` varchar(255) NOT NULL,
  `quantity` int DEFAULT NULL,
  PRIMARY KEY (`size`)
) ENGINE=InnoDB DEFAULT CHARSET=utf8mb4 COLLATE=utf8mb4_0900_ai_ci;
/*!40101 SET character_set_client = @saved_cs_client */;

--
-- Dumping data for table `inventory`
--

LOCK TABLES `inventory` WRITE;
/*!40000 ALTER TABLE `inventory` DISABLE KEYS */;
INSERT INTO `inventory` VALUES ('18L',9),('1L',29),('5L',38);
/*!40000 ALTER TABLE `inventory` ENABLE KEYS */;
UNLOCK TABLES;

--
-- Table structure for table `reservation`
--

DROP TABLE IF EXISTS `reservation`;
/*!40101 SET @saved_cs_client     = @@character_set_client */;
/*!50503 SET character_set_client = utf8mb4 */;
CREATE TABLE `reservation` (
  `order_no` bigint NOT NULL,
  PRIMARY KEY (`order_no`)
) ENGINE=InnoDB DEFAULT CHARSET=utf8mb4 COLLATE=utf8mb4_0900_ai_ci;
/*!40101 SET character_set_client = @saved_cs_client */;

--
-- Dumping data for table `reservation`
--

LOCK TABLES `reservation` WRITE;
/*!40000 ALTER TABLE `reservation` DISABLE KEYS */;
/*!40000 ALTER TABLE `reservation` ENABLE KEYS */;
UNLOCK TABLES;

--
-- Table structure for table `reservation_items`
--

DROP TABLE IF EXISTS `reservation_items`;
/*!40101 SET @saved_cs_client     = @@character_set_client */;
/*!50503 SET character_set_client = utf8mb4 */;
CREATE TABLE `reservation_items` (
  `order_id` bigint NOT NULL,
  `quantity` int DEFAULT NULL,
  `item_size` varchar(255) NOT NULL,
  PRIMARY KEY (`order_id`,`item_size`),
  CONSTRAINT `FK39cjjsqdjvyw2wquo1c9c1qj7` FOREIGN KEY (`order_id`) REFERENCES `reservation` (`order_no`)
) ENGINE=InnoDB DEFAULT CHARSET=utf8mb4 COLLATE=utf8mb4_0900_ai_ci;
/*!40101 SET character_set_client = @saved_cs_client */;

--
-- Dumping data for table `reservation_items`
--

LOCK TABLES `reservation_items` WRITE;
/*!40000 ALTER TABLE `reservation_items` DISABLE KEYS */;
/*!40000 ALTER TABLE `reservation_items` ENABLE KEYS */;
UNLOCK TABLES;
/*!40103 SET TIME_ZONE=@OLD_TIME_ZONE */;

/*!40101 SET SQL_MODE=@OLD_SQL_MODE */;
/*!40014 SET FOREIGN_KEY_CHECKS=@OLD_FOREIGN_KEY_CHECKS */;
/*!40014 SET UNIQUE_CHECKS=@OLD_UNIQUE_CHECKS */;
/*!40101 SET CHARACTER_SET_CLIENT=@OLD_CHARACTER_SET_CLIENT */;
/*!40101 SET CHARACTER_SET_RESULTS=@OLD_CHARACTER_SET_RESULTS */;
/*!40101 SET COLLATION_CONNECTION=@OLD_COLLATION_CONNECTION */;
/*!40111 SET SQL_NOTES=@OLD_SQL_NOTES */;

-- Dump completed on 2025-09-06 10:44:03

CREATE USER IF NOT EXISTS 'bestuser'@'%' IDENTIFIED WITH mysql_native_password BY 'bestuser';
CREATE DATABASE IF NOT EXISTS inventory_db;
CREATE DATABASE IF NOT EXISTS orders_db;
CREATE DATABASE IF NOT EXISTS delivery_db;
CREATE DATABASE IF NOT EXISTS payments_db;
CREATE DATABASE IF NOT EXISTS water_delivery;
GRANT ALL PRIVILEGES ON inventory_db.* TO 'bestuser'@'%';
GRANT ALL PRIVILEGES ON orders_db.* TO 'bestuser'@'%';
GRANT ALL PRIVILEGES ON delivery_db.* TO 'bestuser'@'%';
GRANT ALL PRIVILEGES ON payments_db.* TO 'bestuser'@'%';
GRANT ALL PRIVILEGES ON water_delivery.* TO 'bestuser'@'%';
FLUSH PRIVILEGES;